driverId,year,race_starts,wins,podiums,poles,points,fullName
adolf-brudes,1952,1,0,0,0,0.0,Adolf Brudes von Breslau
adolfo-schwelm-cruz,1953,1,0,0,0,0.0,Adolfo Julio Carlos Schwelm Cruz
adrian-campos,1987,16,0,0,0,0.0,Adrián Campos Suñer
adrian-campos,1988,5,0,0,0,0.0,Adrián Campos Suñer
adrian-sutil,2007,17,0,0,0,1.0,Adrian Sutil
adrian-sutil,2008,18,0,0,0,0.0,Adrian Sutil
adrian-sutil,2009,17,0,0,0,5.0,Adrian Sutil
adrian-sutil,2010,19,0,0,0,47.0,Adrian Sutil
adrian-sutil,2011,19,0,0,0,42.0,Adrian Sutil
adrian-sutil,2013,19,0,0,0,29.0,Adrian Sutil
adrian-sutil,2014,19,0,0,0,0.0,Adrian Sutil
aguri-suzuki,1988,1,0,0,0,0.0,Aguri Suzuki
aguri-suzuki,1989,16,0,0,0,0.0,Aguri Suzuki
aguri-suzuki,1990,16,0,1,0,6.0,Aguri Suzuki
aguri-suzuki,1991,16,0,0,0,1.0,Aguri Suzuki
aguri-suzuki,1992,16,0,0,0,0.0,Aguri Suzuki
aguri-suzuki,1993,16,0,0,0,0.0,Aguri Suzuki
aguri-suzuki,1994,1,0,0,0,0.0,Aguri Suzuki
aguri-suzuki,1995,6,0,0,0,1.0,Aguri Suzuki
al-herman,1955,1,0,0,0,0.0,Al Herman
al-herman,1956,1,0,0,0,0.0,Al Herman
al-herman,1957,1,0,0,0,0.0,Al Herman
al-herman,1959,1,0,0,0,0.0,Al Herman
al-herman,1960,1,0,0,0,0.0,Al Herman
al-keller,1955,1,0,0,0,0.0,Al Keller
al-keller,1956,1,0,0,0,0.0,Al Keller
al-keller,1957,1,0,0,0,0.0,Al Keller
al-keller,1958,1,0,0,0,0.0,Al Keller
al-keller,1959,1,0,0,0,0.0,Al Keller
al-pease,1967,1,0,0,0,0.0,Al Pease
al-pease,1968,1,0,0,0,0.0,Al Pease
al-pease,1969,1,0,0,0,0.0,Al Pease
alain-de-changy,1959,1,0,0,0,0.0,Alain Carpentier de Changy
alain-prost,1980,13,0,0,0,5.0,Alain Marie Pascal Prost
alain-prost,1981,15,3,6,0,43.0,Alain Marie Pascal Prost
alain-prost,1982,16,2,4,0,34.0,Alain Marie Pascal Prost
alain-prost,1983,15,4,7,0,57.0,Alain Marie Pascal Prost
alain-prost,1984,16,7,9,0,71.5,Alain Marie Pascal Prost
alain-prost,1985,16,5,11,0,76.0,Alain Marie Pascal Prost
alain-prost,1986,16,4,11,0,74.0,Alain Marie Pascal Prost
alain-prost,1987,16,3,7,0,46.0,Alain Marie Pascal Prost
alain-prost,1988,16,7,14,0,105.0,Alain Marie Pascal Prost
alain-prost,1989,16,4,11,0,81.0,Alain Marie Pascal Prost
alain-prost,1990,16,5,9,0,73.0,Alain Marie Pascal Prost
alain-prost,1991,15,0,5,0,34.0,Alain Marie Pascal Prost
alain-prost,1993,16,7,12,0,99.0,Alain Marie Pascal Prost
alan-brown,1952,4,0,0,0,2.0,Alan Everest Brown
alan-brown,1953,4,0,0,0,0.0,Alan Everest Brown
alan-brown,1954,1,0,0,0,0.0,Alan Everest Brown
alan-jones,1975,8,0,0,0,2.0,Alan Stanley Jones
alan-jones,1976,14,0,0,0,7.0,Alan Stanley Jones
alan-jones,1977,14,1,2,0,22.0,Alan Stanley Jones
alan-jones,1978,16,0,1,0,11.0,Alan Stanley Jones
alan-jones,1979,15,4,5,0,43.0,Alan Stanley Jones
alan-jones,1980,14,5,10,0,71.0,Alan Stanley Jones
alan-jones,1981,15,2,6,0,46.0,Alan Stanley Jones
alan-jones,1983,1,0,0,0,0.0,Alan Stanley Jones
alan-jones,1985,4,0,0,0,0.0,Alan Stanley Jones
alan-jones,1986,16,0,0,0,4.0,Alan Stanley Jones
alan-rees,1966,1,0,0,0,0.0,Alan Rees
alan-rees,1967,2,0,0,0,0.0,Alan Rees
alan-rollinson,1965,1,0,0,0,0.0,Alan Rollinson
alan-stacey,1958,1,0,0,0,0.0,Alan Stacey
alan-stacey,1959,2,0,0,0,0.0,Alan Stacey
alan-stacey,1960,4,0,0,0,0.0,Alan Stacey
albert-scherrer,1953,1,0,0,0,0.0,Albert Scherrer
alberto-ascari,1950,5,0,2,0,11.0,Alberto Ascari
alberto-ascari,1951,8,2,4,0,28.0,Alberto Ascari
alberto-ascari,1952,7,6,6,0,53.5,Alberto Ascari
alberto-ascari,1953,9,5,5,0,46.5,Alberto Ascari
alberto-ascari,1954,5,0,0,0,1.1400000000000001,Alberto Ascari
alberto-ascari,1955,2,0,0,0,0.0,Alberto Ascari
alberto-colombo,1978,3,0,0,0,0.0,Alberto Colombo
alberto-crespo,1952,1,0,0,0,0.0,Alberto Augusto Crespo
alberto-rodriguez-larreta,1960,1,0,0,0,0.0,Alberto Rodriguez Larreta
alberto-uria,1955,1,0,0,0,0.0,Alberto Uria
alberto-uria,1956,1,0,0,0,0.0,Alberto Uria
aldo-gordini,1951,1,0,0,0,0.0,Aldo Gordini
alejandro-de-tomaso,1957,1,0,0,0,0.0,Alejandro de Tomaso
alejandro-de-tomaso,1959,1,0,0,0,0.0,Alejandro de Tomaso
alessandro-nannini,1986,16,0,0,0,0.0,Alessandro Nannini
alessandro-nannini,1987,16,0,0,0,0.0,Alessandro Nannini
alessandro-nannini,1988,16,0,2,0,12.0,Alessandro Nannini
alessandro-nannini,1989,16,1,4,0,32.0,Alessandro Nannini
alessandro-nannini,1990,14,0,3,0,21.0,Alessandro Nannini
alessandro-pesenti-rossi,1976,4,0,0,0,0.0,Alessandro Pesenti-Rossi
alex-caffi,1986,1,0,0,0,0.0,Alessandro Caffi
alex-caffi,1987,16,0,0,0,0.0,Alessandro Caffi
alex-caffi,1988,16,0,0,0,0.0,Alessandro Caffi
alex-caffi,1989,16,0,0,0,4.0,Alessandro Caffi
alex-caffi,1990,14,0,0,0,2.0,Alessandro Caffi
alex-caffi,1991,12,0,0,0,0.0,Alessandro Caffi
alex-caffi,1992,1,0,0,0,0.0,Alessandro Caffi
alex-ribeiro,1976,1,0,0,0,0.0,Alexandre Dias Ribeiro
alex-ribeiro,1977,17,0,0,0,0.0,Alexandre Dias Ribeiro
alex-ribeiro,1979,2,0,0,0,0.0,Alexandre Dias Ribeiro
alex-soler-roig,1970,3,0,0,0,0.0,Alex Soler-Roig
alex-soler-roig,1971,5,0,0,0,0.0,Alex Soler-Roig
alex-soler-roig,1972,2,0,0,0,0.0,Alex Soler-Roig
alex-yoong,2001,3,0,0,0,0.0,Alexander Charles Yoong Loong
alex-yoong,2002,15,0,0,0,0.0,Alexander Charles Yoong Loong
alex-zanardi,1991,3,0,0,0,0.0,Alessandro Zanardi
alex-zanardi,1992,3,0,0,0,0.0,Alessandro Zanardi
alex-zanardi,1993,12,0,0,0,1.0,Alessandro Zanardi
alex-zanardi,1994,10,0,0,0,0.0,Alessandro Zanardi
alex-zanardi,1999,16,0,0,0,0.0,Alessandro Zanardi
alexander-albon,2019,21,0,0,0,92.0,Alexander Albon
alexander-albon,2020,17,0,2,0,105.0,Alexander Albon
alexander-albon,2022,21,0,0,0,4.0,Alexander Albon
alexander-albon,2023,22,0,0,0,25.0,Alexander Albon
alexander-albon,2024,24,0,0,0,12.0,Alexander Albon
alexander-albon,2025,17,0,0,0,70.0,Alexander Albon
alexander-rossi,2015,5,0,0,0,0.0,Alexander Michael Rossi
alexander-wurz,1997,3,0,1,0,4.0,Alexander Wurz
alexander-wurz,1998,16,0,0,0,17.0,Alexander Wurz
alexander-wurz,1999,16,0,0,0,3.0,Alexander Wurz
alexander-wurz,2000,17,0,0,0,2.0,Alexander Wurz
alexander-wurz,2005,1,0,1,0,6.0,Alexander Wurz
alexander-wurz,2007,16,0,1,0,13.0,Alexander Wurz
alfonso-de-portago,1956,5,0,1,0,3.0,Alfonso Antonio Vicente Eduardo Angel Blas Francisco de Borja Cabeza de Vaca y Leighton
alfonso-de-portago,1957,1,0,0,0,1.0,Alfonso Antonio Vicente Eduardo Angel Blas Francisco de Borja Cabeza de Vaca y Leighton
alfonso-thiele,1960,1,0,0,0,0.0,Alfonso Thiele
alfredo-pian,1950,1,0,0,0,0.0,Alfredo Pián
allan-mcnish,2002,17,0,0,0,0.0,Allan McNish
allen-berg,1986,9,0,0,0,0.0,Allen Bernard Berg
andre-guelfi,1958,1,0,0,0,0.0,André Guelfi
andre-lotterer,2014,1,0,0,0,0.0,André Lotterer
andre-milhoux,1956,1,0,0,0,0.0,André Milhoux
andre-pilette,1951,1,0,0,0,0.0,André Pilette
andre-pilette,1953,1,0,0,0,0.0,André Pilette
andre-pilette,1954,3,0,0,0,2.0,André Pilette
andre-pilette,1956,4,0,0,0,0.0,André Pilette
andre-pilette,1961,1,0,0,0,0.0,André Pilette
andre-pilette,1963,2,0,0,0,0.0,André Pilette
andre-pilette,1964,2,0,0,0,0.0,André Pilette
andre-simon,1951,4,0,0,0,0.0,André Simon
andre-simon,1952,2,0,0,0,0.0,André Simon
andre-simon,1955,2,0,0,0,0.0,André Simon
andre-simon,1956,2,0,0,0,0.0,André Simon
andre-simon,1957,2,0,0,0,0.0,André Simon
andre-testut,1958,1,0,0,0,0.0,André Testut
andre-testut,1959,1,0,0,0,0.0,André Testut
andrea-chiesa,1992,10,0,0,0,0.0,Andrea Chiesa
andrea-de-adamich,1968,1,0,0,0,0.0,Andrea Lodovico de Adamich
andrea-de-adamich,1970,10,0,0,0,0.0,Andrea Lodovico de Adamich
andrea-de-adamich,1971,7,0,0,0,0.0,Andrea Lodovico de Adamich
andrea-de-adamich,1972,12,0,0,0,3.0,Andrea Lodovico de Adamich
andrea-de-adamich,1973,6,0,0,0,3.0,Andrea Lodovico de Adamich
andrea-de-cesaris,1980,2,0,0,0,0.0,Andrea de Cesaris
andrea-de-cesaris,1981,15,0,0,0,1.0,Andrea de Cesaris
andrea-de-cesaris,1982,16,0,1,0,5.0,Andrea de Cesaris
andrea-de-cesaris,1983,15,0,2,0,15.0,Andrea de Cesaris
andrea-de-cesaris,1984,16,0,0,0,3.0,Andrea de Cesaris
andrea-de-cesaris,1985,11,0,0,0,3.0,Andrea de Cesaris
andrea-de-cesaris,1986,16,0,0,0,0.0,Andrea de Cesaris
andrea-de-cesaris,1987,16,0,1,0,4.0,Andrea de Cesaris
andrea-de-cesaris,1988,16,0,0,0,3.0,Andrea de Cesaris
andrea-de-cesaris,1989,16,0,1,0,4.0,Andrea de Cesaris
andrea-de-cesaris,1990,16,0,0,0,0.0,Andrea de Cesaris
andrea-de-cesaris,1991,16,0,0,0,9.0,Andrea de Cesaris
andrea-de-cesaris,1992,16,0,0,0,8.0,Andrea de Cesaris
andrea-de-cesaris,1993,16,0,0,0,0.0,Andrea de Cesaris
andrea-de-cesaris,1994,11,0,0,0,4.0,Andrea de Cesaris
andrea-montermini,1994,1,0,0,0,0.0,Andrea Montermini
andrea-montermini,1995,17,0,0,0,0.0,Andrea Montermini
andrea-montermini,1996,10,0,0,0,0.0,Andrea Montermini
andy-linden,1951,1,0,0,0,3.0,Andy Linden
andy-linden,1952,1,0,0,0,0.0,Andy Linden
andy-linden,1953,3,0,0,0,0.0,Andy Linden
andy-linden,1954,3,0,0,0,0.0,Andy Linden
andy-linden,1955,1,0,0,0,0.0,Andy Linden
andy-linden,1956,1,0,0,0,0.0,Andy Linden
andy-linden,1957,1,0,0,0,2.0,Andy Linden
andy-sutcliffe,1977,1,0,0,0,0.0,Andy Sutcliffe
anthony-davidson,2002,2,0,0,0,0.0,Anthony Denis Davidson
anthony-davidson,2005,1,0,0,0,0.0,Anthony Denis Davidson
anthony-davidson,2007,17,0,0,0,0.0,Anthony Denis Davidson
anthony-davidson,2008,4,0,0,0,0.0,Anthony Denis Davidson
anthony-joseph-foyt,1958,1,0,0,0,0.0,Anthony Joseph Foyt
anthony-joseph-foyt,1959,1,0,0,0,0.0,Anthony Joseph Foyt
anthony-joseph-foyt,1960,1,0,0,0,0.0,Anthony Joseph Foyt
antonio-creus,1960,1,0,0,0,0.0,Antonio Creus Rubín de Celis
antonio-giovinazzi,2017,2,0,0,0,0.0,Antonio Giovinazzi
antonio-giovinazzi,2019,21,0,0,0,14.0,Antonio Giovinazzi
antonio-giovinazzi,2020,17,0,0,0,4.0,Antonio Giovinazzi
antonio-giovinazzi,2021,22,0,0,0,3.0,Antonio Giovinazzi
antonio-pizzonia,2003,11,0,0,0,0.0,Antônio Reginaldo Pizzonia Júnior
antonio-pizzonia,2004,4,0,0,0,6.0,Antônio Reginaldo Pizzonia Júnior
antonio-pizzonia,2005,5,0,0,0,2.0,Antônio Reginaldo Pizzonia Júnior
archie-scott-brown,1956,1,0,0,0,0.0,William Archibald Scott Brown
art-bisch,1958,1,0,0,0,0.0,Art Bisch
art-cross,1952,1,0,0,0,2.0,Art Cross
art-cross,1953,1,0,1,0,6.0,Art Cross
art-cross,1954,1,0,0,0,0.0,Art Cross
art-cross,1955,1,0,0,0,0.0,Art Cross
arthur-legat,1952,1,0,0,0,0.0,Arthur Legat
arthur-legat,1953,1,0,0,0,0.0,Arthur Legat
arthur-owen,1960,1,0,0,0,0.0,Arthur Owen
arturo-merzario,1972,2,0,0,0,1.0,Arturo Francesco Merzario
arturo-merzario,1973,9,0,0,0,6.0,Arturo Francesco Merzario
arturo-merzario,1974,15,0,0,0,4.0,Arturo Francesco Merzario
arturo-merzario,1975,7,0,0,0,0.0,Arturo Francesco Merzario
arturo-merzario,1976,14,0,0,0,0.0,Arturo Francesco Merzario
arturo-merzario,1977,8,0,0,0,0.0,Arturo Francesco Merzario
arturo-merzario,1978,16,0,0,0,0.0,Arturo Francesco Merzario
arturo-merzario,1979,14,0,0,0,0.0,Arturo Francesco Merzario
asdrubal-fontes-bayardo,1959,1,0,0,0,0.0,Asdrúbal Esteban Fontes Bayardo
ayrton-senna,1984,15,0,3,0,13.0,Ayrton Senna da Silva
ayrton-senna,1985,16,2,6,0,38.0,Ayrton Senna da Silva
ayrton-senna,1986,16,2,8,0,55.0,Ayrton Senna da Silva
ayrton-senna,1987,16,2,8,0,57.0,Ayrton Senna da Silva
ayrton-senna,1988,16,8,11,0,94.0,Ayrton Senna da Silva
ayrton-senna,1989,16,6,7,0,60.0,Ayrton Senna da Silva
ayrton-senna,1990,16,6,11,0,78.0,Ayrton Senna da Silva
ayrton-senna,1991,16,7,12,0,96.0,Ayrton Senna da Silva
ayrton-senna,1992,16,3,7,0,50.0,Ayrton Senna da Silva
ayrton-senna,1993,16,5,7,0,73.0,Ayrton Senna da Silva
ayrton-senna,1994,3,0,0,0,0.0,Ayrton Senna da Silva
basil-van-rooyen,1968,1,0,0,0,0.0,Basil van Rooyen
basil-van-rooyen,1969,1,0,0,0,0.0,Basil van Rooyen
bayliss-levrett,1950,1,0,0,0,0.0,Bayliss Levrett
ben-pon,1962,1,0,0,0,0.0,Bernardus Marinus Pon
beppe-gabbiani,1978,2,0,0,0,0.0,Giuseppe Gabbiani
beppe-gabbiani,1981,15,0,0,0,0.0,Giuseppe Gabbiani
bernard-collomb,1961,2,0,0,0,0.0,Bernard Marie François Alexandre Collomb-Clerc
bernard-collomb,1962,1,0,0,0,0.0,Bernard Marie François Alexandre Collomb-Clerc
bernard-collomb,1963,2,0,0,0,0.0,Bernard Marie François Alexandre Collomb-Clerc
bernard-collomb,1964,1,0,0,0,0.0,Bernard Marie François Alexandre Collomb-Clerc
bernard-de-dryver,1977,1,0,0,0,0.0,Bernard de Dryver
bernard-de-dryver,1978,1,0,0,0,0.0,Bernard de Dryver
bernd-schneider,1988,16,0,0,0,0.0,Bernd Schneider
bernd-schneider,1989,16,0,0,0,0.0,Bernd Schneider
bernd-schneider,1990,2,0,0,0,0.0,Bernd Schneider
bernie-ecclestone,1958,1,0,0,0,0.0,Bernard Charles Ecclestone
bertil-roos,1974,1,0,0,0,0.0,Bertil Roos
bertrand-gachot,1989,14,0,0,0,0.0,Bertrand Gachot
bertrand-gachot,1990,16,0,0,0,0.0,Bertrand Gachot
bertrand-gachot,1991,11,0,0,0,4.0,Bertrand Gachot
bertrand-gachot,1992,16,0,0,0,1.0,Bertrand Gachot
bertrand-gachot,1994,16,0,0,0,0.0,Bertrand Gachot
bertrand-gachot,1995,11,0,0,0,0.0,Bertrand Gachot
bill-aston,1952,3,0,0,0,0.0,William Aston
bill-brack,1968,1,0,0,0,0.0,William Brack
bill-brack,1969,1,0,0,0,0.0,William Brack
bill-brack,1972,1,0,0,0,0.0,William Brack
bill-cantrell,1950,1,0,0,0,0.0,William Cantrell
bill-cheesbourg,1957,1,0,0,0,0.0,William Bernard Cheesbourg
bill-cheesbourg,1958,1,0,0,0,0.0,William Bernard Cheesbourg
bill-cheesbourg,1959,1,0,0,0,0.0,William Bernard Cheesbourg
bill-holland,1950,1,0,1,0,6.0,Bill Holland
bill-holland,1953,1,0,0,0,0.0,Bill Holland
bill-homeier,1954,1,0,0,0,0.0,Bill Homeier
bill-homeier,1955,1,0,0,0,1.0,Bill Homeier
bill-homeier,1960,1,0,0,0,0.0,Bill Homeier
bill-mackey,1951,1,0,0,0,0.0,Bill Mackey
bill-moss,1959,1,0,0,0,0.0,Bill Moss
bill-schindler,1950,1,0,0,0,0.0,Bill Schindler
bill-schindler,1951,1,0,0,0,0.0,Bill Schindler
bill-schindler,1952,1,0,0,0,0.0,Bill Schindler
bill-vukovich,1951,1,0,0,0,0.0,William John Vukovich
bill-vukovich,1952,1,0,0,0,1.0,William John Vukovich
bill-vukovich,1953,1,1,1,0,9.0,William John Vukovich
bill-vukovich,1954,1,1,1,0,8.0,William John Vukovich
bill-vukovich,1955,1,0,0,0,1.0,William John Vukovich
bill-whitehouse,1954,1,0,0,0,0.0,Bill Whitehouse
billy-garrett,1956,1,0,0,0,0.0,Billy Garrett
billy-garrett,1958,1,0,0,0,0.0,Billy Garrett
birabongse-bhanudej,1950,4,0,0,0,5.0,Prince Birabongse Bhanudej Bhanubandh
birabongse-bhanudej,1951,1,0,0,0,0.0,Prince Birabongse Bhanudej Bhanubandh
birabongse-bhanudej,1952,4,0,0,0,0.0,Prince Birabongse Bhanudej Bhanubandh
birabongse-bhanudej,1953,4,0,0,0,0.0,Prince Birabongse Bhanudej Bhanubandh
birabongse-bhanudej,1954,6,0,0,0,3.0,Prince Birabongse Bhanudej Bhanubandh
bob-anderson,1963,2,0,0,0,0.0,Robert Hugh Fearon Anderson
bob-anderson,1964,8,0,1,0,5.0,Robert Hugh Fearon Anderson
bob-anderson,1965,7,0,0,0,0.0,Robert Hugh Fearon Anderson
bob-anderson,1966,6,0,0,0,1.0,Robert Hugh Fearon Anderson
bob-anderson,1967,6,0,0,0,2.0,Robert Hugh Fearon Anderson
bob-bondurant,1965,2,0,0,0,0.0,Robert Bondurant
bob-bondurant,1966,7,0,0,0,3.0,Robert Bondurant
bob-christie,1956,1,0,0,0,0.0,Bob Christie
bob-christie,1957,1,0,0,0,0.0,Bob Christie
bob-christie,1958,1,0,0,0,0.0,Bob Christie
bob-christie,1959,1,0,0,0,0.0,Bob Christie
bob-christie,1960,1,0,0,0,0.0,Bob Christie
bob-drake,1960,1,0,0,0,0.0,Bob Drake
bob-evans,1975,9,0,0,0,0.0,Robert Evans
bob-evans,1976,3,0,0,0,0.0,Robert Evans
bob-gerard,1950,2,0,0,0,0.0,Frederick Roberts Gerard
bob-gerard,1951,1,0,0,0,0.0,Frederick Roberts Gerard
bob-gerard,1953,2,0,0,0,0.0,Frederick Roberts Gerard
bob-gerard,1954,1,0,0,0,0.0,Frederick Roberts Gerard
bob-gerard,1956,1,0,0,0,0.0,Frederick Roberts Gerard
bob-gerard,1957,1,0,0,0,0.0,Frederick Roberts Gerard
bob-said,1959,1,0,0,0,0.0,Boris Said
bob-scott,1952,1,0,0,0,0.0,Bob Scott
bob-scott,1953,2,0,0,0,0.0,Bob Scott
bob-scott,1954,2,0,0,0,0.0,Bob Scott
bob-sweikert,1952,1,0,0,0,0.0,Robert Charles Sweikert
bob-sweikert,1953,1,0,0,0,0.0,Robert Charles Sweikert
bob-sweikert,1954,1,0,0,0,0.0,Robert Charles Sweikert
bob-sweikert,1955,1,1,1,0,8.0,Robert Charles Sweikert
bob-sweikert,1956,1,0,0,0,0.0,Robert Charles Sweikert
bob-veith,1956,1,0,0,0,0.0,Bob Veith
bob-veith,1957,1,0,0,0,0.0,Bob Veith
bob-veith,1958,1,0,0,0,0.0,Bob Veith
bob-veith,1959,1,0,0,0,0.0,Bob Veith
bob-veith,1960,1,0,0,0,0.0,Bob Veith
bobby-ball,1951,1,0,0,0,2.0,Robert K. Ball
bobby-ball,1952,1,0,0,0,0.0,Robert K. Ball
bobby-grim,1959,1,0,0,0,0.0,Robert Grim
bobby-grim,1960,1,0,0,0,0.0,Robert Grim
bobby-rahal,1978,2,0,0,0,0.0,Robert Woodward Rahal
bobby-unser,1968,2,0,0,0,0.0,Robert William Unser
boy-hayje,1976,1,0,0,0,0.0,Johan Hayje
boy-hayje,1977,6,0,0,0,0.0,Johan Hayje
brausch-niemann,1963,1,0,0,0,0.0,Ambraüsus Niemann
brausch-niemann,1965,1,0,0,0,0.0,Ambraüsus Niemann
brendon-hartley,2017,4,0,0,0,0.0,Brendon Hartley
brendon-hartley,2018,21,0,0,0,4.0,Brendon Hartley
brett-lunger,1975,3,0,0,0,0.0,Robert Brett Lunger
brett-lunger,1976,12,0,0,0,0.0,Robert Brett Lunger
brett-lunger,1977,13,0,0,0,0.0,Robert Brett Lunger
brett-lunger,1978,15,0,0,0,0.0,Robert Brett Lunger
brian-gubby,1965,1,0,0,0,0.0,Brian Gubby
brian-hart,1967,1,0,0,0,0.0,Brian Hart
brian-henton,1975,3,0,0,0,0.0,Brian Henton
brian-henton,1977,6,0,0,0,0.0,Brian Henton
brian-henton,1981,12,0,0,0,0.0,Brian Henton
brian-henton,1982,16,0,0,0,0.0,Brian Henton
brian-mcguire,1977,1,0,0,0,0.0,Brian McGuire
brian-naylor,1957,1,0,0,0,0.0,John Brian Naylor
brian-naylor,1958,1,0,0,0,0.0,John Brian Naylor
brian-naylor,1959,1,0,0,0,0.0,John Brian Naylor
brian-naylor,1960,4,0,0,0,0.0,John Brian Naylor
brian-naylor,1961,1,0,0,0,0.0,John Brian Naylor
brian-redman,1967,1,0,0,0,0.0,Brian Herman Thomas Redman
brian-redman,1968,3,0,1,0,4.0,Brian Herman Thomas Redman
brian-redman,1970,2,0,0,0,0.0,Brian Herman Thomas Redman
brian-redman,1971,1,0,0,0,0.0,Brian Herman Thomas Redman
brian-redman,1972,4,0,0,0,4.0,Brian Herman Thomas Redman
brian-redman,1973,1,0,0,0,0.0,Brian Herman Thomas Redman
brian-redman,1974,3,0,0,0,0.0,Brian Herman Thomas Redman
brian-shawe-taylor,1950,1,0,0,0,0.0,Brian Newton Shawe-Taylor
brian-shawe-taylor,1951,1,0,0,0,0.0,Brian Newton Shawe-Taylor
bruce-halford,1956,3,0,0,0,0.0,Bruce Halford
bruce-halford,1957,3,0,0,0,0.0,Bruce Halford
bruce-halford,1959,1,0,0,0,0.0,Bruce Halford
bruce-halford,1960,2,0,0,0,0.0,Bruce Halford
bruce-johnstone,1962,1,0,0,0,0.0,William Bruce Gordon Johnstone
bruce-kessler,1958,1,0,0,0,0.0,Bruce Kessler
bruce-mclaren,1958,2,0,0,0,0.0,Bruce Leslie McLaren
bruce-mclaren,1959,7,1,2,0,16.5,Bruce Leslie McLaren
bruce-mclaren,1960,8,1,6,0,37.0,Bruce Leslie McLaren
bruce-mclaren,1961,8,0,1,0,11.0,Bruce Leslie McLaren
bruce-mclaren,1962,9,1,5,0,32.0,Bruce Leslie McLaren
bruce-mclaren,1963,10,0,3,0,17.0,Bruce Leslie McLaren
bruce-mclaren,1964,10,0,2,0,13.0,Bruce Leslie McLaren
bruce-mclaren,1965,10,0,1,0,10.0,Bruce Leslie McLaren
bruce-mclaren,1966,6,0,0,0,3.0,Bruce Leslie McLaren
bruce-mclaren,1967,9,0,0,0,3.0,Bruce Leslie McLaren
bruce-mclaren,1968,11,1,3,0,22.0,Bruce Leslie McLaren
bruce-mclaren,1969,11,0,3,0,26.0,Bruce Leslie McLaren
bruce-mclaren,1970,3,0,1,0,6.0,Bruce Leslie McLaren
bruno-giacomelli,1977,1,0,0,0,0.0,Bruno Giacomelli
bruno-giacomelli,1978,5,0,0,0,0.0,Bruno Giacomelli
bruno-giacomelli,1979,4,0,0,0,0.0,Bruno Giacomelli
bruno-giacomelli,1980,14,0,0,0,4.0,Bruno Giacomelli
bruno-giacomelli,1981,15,0,1,0,7.0,Bruno Giacomelli
bruno-giacomelli,1982,16,0,0,0,2.0,Bruno Giacomelli
bruno-giacomelli,1983,15,0,0,0,1.0,Bruno Giacomelli
bruno-giacomelli,1990,12,0,0,0,0.0,Bruno Giacomelli
bruno-senna,2010,18,0,0,0,0.0,Bruno Senna Lalli
bruno-senna,2011,8,0,0,0,2.0,Bruno Senna Lalli
bruno-senna,2012,20,0,0,0,31.0,Bruno Senna Lalli
bud-tingelstad,1960,1,0,0,0,0.0,Bud Tingelstad
cal-niday,1953,1,0,0,0,0.0,Cal Niday
cal-niday,1954,1,0,0,0,0.0,Cal Niday
cal-niday,1955,1,0,0,0,0.0,Cal Niday
carel-godin-de-beaufort,1957,1,0,0,0,0.0,Karel Pieter Antoni Jan Hubertus Godin de Beaufort
carel-godin-de-beaufort,1958,2,0,0,0,0.0,Karel Pieter Antoni Jan Hubertus Godin de Beaufort
carel-godin-de-beaufort,1959,2,0,0,0,0.0,Karel Pieter Antoni Jan Hubertus Godin de Beaufort
carel-godin-de-beaufort,1960,1,0,0,0,0.0,Karel Pieter Antoni Jan Hubertus Godin de Beaufort
carel-godin-de-beaufort,1961,6,0,0,0,0.0,Karel Pieter Antoni Jan Hubertus Godin de Beaufort
carel-godin-de-beaufort,1962,9,0,0,0,2.0,Karel Pieter Antoni Jan Hubertus Godin de Beaufort
carel-godin-de-beaufort,1963,8,0,0,0,2.0,Karel Pieter Antoni Jan Hubertus Godin de Beaufort
carel-godin-de-beaufort,1964,2,0,0,0,0.0,Karel Pieter Antoni Jan Hubertus Godin de Beaufort
carl-forberg,1951,1,0,0,0,0.0,Carl Forberg
carl-scarborough,1951,1,0,0,0,0.0,Carl Scarborough
carl-scarborough,1953,1,0,0,0,0.0,Carl Scarborough
carlo-facetti,1974,1,0,0,0,0.0,Carlo Giovanni Facetti
carlo-franchi,1978,1,0,0,0,0.0,Carlo Franchi
carlos-menditeguy,1953,1,0,0,0,0.0,Carlos Alberto Menditéguy
carlos-menditeguy,1954,1,0,0,0,0.0,Carlos Alberto Menditéguy
carlos-menditeguy,1955,3,0,0,0,2.0,Carlos Alberto Menditéguy
carlos-menditeguy,1956,1,0,0,0,0.0,Carlos Alberto Menditéguy
carlos-menditeguy,1957,4,0,1,0,4.0,Carlos Alberto Menditéguy
carlos-menditeguy,1958,1,0,0,0,0.0,Carlos Alberto Menditéguy
carlos-menditeguy,1960,1,0,0,0,3.0,Carlos Alberto Menditéguy
carlos-pace,1972,11,0,0,0,3.0,José Carlos Pace
carlos-pace,1973,15,0,1,0,7.0,José Carlos Pace
carlos-pace,1974,14,0,1,0,11.0,José Carlos Pace
carlos-pace,1975,14,1,3,0,24.0,José Carlos Pace
carlos-pace,1976,16,0,0,0,7.0,José Carlos Pace
carlos-pace,1977,3,0,1,0,6.0,José Carlos Pace
carlos-reutemann,1972,10,0,0,0,3.0,Carlos Alberto Reutemann
carlos-reutemann,1973,15,0,2,0,16.0,Carlos Alberto Reutemann
carlos-reutemann,1974,15,3,4,0,32.0,Carlos Alberto Reutemann
carlos-reutemann,1975,14,1,6,0,37.0,Carlos Alberto Reutemann
carlos-reutemann,1976,13,0,0,0,3.0,Carlos Alberto Reutemann
carlos-reutemann,1977,17,1,6,0,42.0,Carlos Alberto Reutemann
carlos-reutemann,1978,16,4,7,0,48.0,Carlos Alberto Reutemann
carlos-reutemann,1979,15,0,4,0,25.0,Carlos Alberto Reutemann
carlos-reutemann,1980,14,1,8,0,49.0,Carlos Alberto Reutemann
carlos-reutemann,1981,15,2,7,0,49.0,Carlos Alberto Reutemann
carlos-reutemann,1982,2,0,1,0,6.0,Carlos Alberto Reutemann
carlos-sainz-jr,2015,19,0,0,0,18.0,Carlos Sainz Vázquez de Castro
carlos-sainz-jr,2016,21,0,0,0,46.0,Carlos Sainz Vázquez de Castro
carlos-sainz-jr,2017,20,0,0,0,54.0,Carlos Sainz Vázquez de Castro
carlos-sainz-jr,2018,21,0,0,0,53.0,Carlos Sainz Vázquez de Castro
carlos-sainz-jr,2019,21,0,1,0,96.0,Carlos Sainz Vázquez de Castro
carlos-sainz-jr,2020,17,0,1,0,105.0,Carlos Sainz Vázquez de Castro
carlos-sainz-jr,2021,22,0,4,0,163.5,Carlos Sainz Vázquez de Castro
carlos-sainz-jr,2022,22,1,9,0,228.0,Carlos Sainz Vázquez de Castro
carlos-sainz-jr,2023,22,1,3,0,178.0,Carlos Sainz Vázquez de Castro
carlos-sainz-jr,2024,23,2,9,0,262.0,Carlos Sainz Vázquez de Castro
carlos-sainz-jr,2025,17,0,1,0,28.0,Carlos Sainz Vázquez de Castro
carroll-shelby,1958,5,0,0,0,0.0,Carroll Hall Shelby
carroll-shelby,1959,4,0,0,0,0.0,Carroll Hall Shelby
cecil-green,1950,1,0,0,0,3.0,Cecil Green
cecil-green,1951,1,0,0,0,0.0,Cecil Green
cesare-perdisa,1955,3,0,1,0,2.0,Cesare Perdisa
cesare-perdisa,1956,5,0,1,0,3.0,Cesare Perdisa
cesare-perdisa,1957,1,0,0,0,0.0,Cesare Perdisa
charles-de-tornaco,1952,3,0,0,0,0.0,Charles de Tornaco
charles-de-tornaco,1953,1,0,0,0,0.0,Charles de Tornaco
charles-leclerc,2018,21,0,0,0,39.0,Charles Marc Hervé Perceval Leclerc
charles-leclerc,2019,21,2,10,0,264.0,Charles Marc Hervé Perceval Leclerc
charles-leclerc,2020,17,0,2,0,98.0,Charles Marc Hervé Perceval Leclerc
charles-leclerc,2021,22,0,1,0,159.0,Charles Marc Hervé Perceval Leclerc
charles-leclerc,2022,22,3,11,0,291.0,Charles Marc Hervé Perceval Leclerc
charles-leclerc,2023,22,0,6,0,185.0,Charles Marc Hervé Perceval Leclerc
charles-leclerc,2024,24,3,13,0,327.0,Charles Marc Hervé Perceval Leclerc
charles-leclerc,2025,17,0,5,0,156.0,Charles Marc Hervé Perceval Leclerc
charles-pic,2012,20,0,0,0,0.0,Charles Pic
charles-pic,2013,19,0,0,0,0.0,Charles Pic
charles-pozzi,1950,1,0,0,0,0.0,Charles Pozzi
chet-miller,1951,1,0,0,0,0.0,Chet Miller
chet-miller,1952,1,0,0,0,0.0,Chet Miller
chico-landi,1951,1,0,0,0,0.0,Francisco Sacco Land
chico-landi,1952,2,0,0,0,0.0,Francisco Sacco Land
chico-landi,1953,2,0,0,0,0.0,Francisco Sacco Land
chico-landi,1956,1,0,0,0,1.5,Francisco Sacco Land
chico-serra,1981,14,0,0,0,0.0,Francisco Serra
chico-serra,1982,15,0,0,0,1.0,Francisco Serra
chico-serra,1983,4,0,0,0,0.0,Francisco Serra
chris-amon,1963,8,0,0,0,0.0,Christopher Arthur Amon
chris-amon,1964,9,0,0,0,2.0,Christopher Arthur Amon
chris-amon,1965,3,0,0,0,0.0,Christopher Arthur Amon
chris-amon,1966,2,0,0,0,0.0,Christopher Arthur Amon
chris-amon,1967,10,0,4,0,20.0,Christopher Arthur Amon
chris-amon,1968,11,0,1,0,10.0,Christopher Arthur Amon
chris-amon,1969,6,0,1,0,4.0,Christopher Arthur Amon
chris-amon,1970,13,0,3,0,23.0,Christopher Arthur Amon
chris-amon,1971,10,0,1,0,9.0,Christopher Arthur Amon
chris-amon,1972,12,0,1,0,12.0,Christopher Arthur Amon
chris-amon,1973,7,0,0,0,1.0,Christopher Arthur Amon
chris-amon,1974,6,0,0,0,0.0,Christopher Arthur Amon
chris-amon,1975,2,0,0,0,0.0,Christopher Arthur Amon
chris-amon,1976,9,0,0,0,2.0,Christopher Arthur Amon
chris-bristow,1959,1,0,0,0,0.0,Christopher William Bristow
chris-bristow,1960,3,0,0,0,0.0,Christopher William Bristow
chris-craft,1971,2,0,0,0,0.0,Christopher Craft
chris-irwin,1966,1,0,0,0,0.0,Chris Irwin
chris-irwin,1967,9,0,0,0,2.0,Chris Irwin
chris-lawrence,1966,2,0,0,0,0.0,Christopher J. Lawrence
christian-danner,1985,2,0,0,0,0.0,Christian Danner
christian-danner,1986,16,0,0,0,1.0,Christian Danner
christian-danner,1987,16,0,0,0,0.0,Christian Danner
christian-danner,1989,13,0,0,0,3.0,Christian Danner
christian-fittipaldi,1992,13,0,0,0,1.0,Christian Fittipaldi
christian-fittipaldi,1993,14,0,0,0,5.0,Christian Fittipaldi
christian-fittipaldi,1994,16,0,0,0,6.0,Christian Fittipaldi
christian-goethals,1958,1,0,0,0,0.0,Christian Roger Xavier Marie Joseph Ghislain Goethals
christian-klien,2004,18,0,0,0,3.0,Christian Klien
christian-klien,2005,15,0,0,0,9.0,Christian Klien
christian-klien,2006,15,0,0,0,2.0,Christian Klien
christian-klien,2010,3,0,0,0,0.0,Christian Klien
christijan-albers,2005,19,0,0,0,4.0,Christijan Albers
christijan-albers,2006,18,0,0,0,0.0,Christijan Albers
christijan-albers,2007,9,0,0,0,0.0,Christijan Albers
chuck-arnold,1959,1,0,0,0,0.0,Chuck Arnold
chuck-daigh,1960,6,0,0,0,0.0,Chuck Daigh
chuck-stevenson,1951,1,0,0,0,0.0,Charles Stevenson
chuck-stevenson,1952,1,0,0,0,0.0,Charles Stevenson
chuck-stevenson,1953,3,0,0,0,0.0,Charles Stevenson
chuck-stevenson,1954,1,0,0,0,0.0,Charles Stevenson
chuck-stevenson,1960,1,0,0,0,0.0,Charles Stevenson
chuck-weyant,1955,1,0,0,0,0.0,Chuck Weyant
chuck-weyant,1957,1,0,0,0,0.0,Chuck Weyant
chuck-weyant,1958,1,0,0,0,0.0,Chuck Weyant
chuck-weyant,1959,1,0,0,0,0.0,Chuck Weyant
claudio-langes,1990,14,0,0,0,0.0,Claudio Langes
clay-regazzoni,1970,8,1,4,0,33.0,Gianclaudio Giuseppe Regazzoni
clay-regazzoni,1971,11,0,3,0,13.0,Gianclaudio Giuseppe Regazzoni
clay-regazzoni,1972,10,0,2,0,15.0,Gianclaudio Giuseppe Regazzoni
clay-regazzoni,1973,14,0,0,0,2.0,Gianclaudio Giuseppe Regazzoni
clay-regazzoni,1974,15,1,7,0,52.0,Gianclaudio Giuseppe Regazzoni
clay-regazzoni,1975,14,1,3,0,25.0,Gianclaudio Giuseppe Regazzoni
clay-regazzoni,1976,15,1,4,0,31.0,Gianclaudio Giuseppe Regazzoni
clay-regazzoni,1977,17,0,0,0,5.0,Gianclaudio Giuseppe Regazzoni
clay-regazzoni,1978,16,0,0,0,4.0,Gianclaudio Giuseppe Regazzoni
clay-regazzoni,1979,15,1,5,0,32.0,Gianclaudio Giuseppe Regazzoni
clay-regazzoni,1980,4,0,0,0,0.0,Gianclaudio Giuseppe Regazzoni
clemar-bucci,1954,4,0,0,0,0.0,Clemar Bucci
clemar-bucci,1955,1,0,0,0,0.0,Clemar Bucci
clemente-biondetti,1950,1,0,0,0,0.0,Clemente Biondetti
cliff-allison,1958,9,0,0,0,3.0,Henry Clifford Allison
cliff-allison,1959,5,0,0,0,2.0,Henry Clifford Allison
cliff-allison,1960,2,0,1,0,6.0,Henry Clifford Allison
cliff-allison,1961,2,0,0,0,0.0,Henry Clifford Allison
cliff-griffith,1951,1,0,0,0,0.0,Cliff Griffith
cliff-griffith,1952,1,0,0,0,0.0,Cliff Griffith
cliff-griffith,1956,1,0,0,0,0.0,Cliff Griffith
clive-puzey,1965,1,0,0,0,0.0,Clive Puzey
colin-chapman,1956,1,0,0,0,0.0,Anthony Colin Bruce Chapman
colin-davis,1959,2,0,0,0,0.0,Colin Charles Houghton Davis
conny-andersson,1976,1,0,0,0,0.0,Conny Andersson
conny-andersson,1977,4,0,0,0,0.0,Conny Andersson
consalvo-sanesi,1950,1,0,0,0,0.0,Consalvo Sanesi
consalvo-sanesi,1951,4,0,0,0,3.0,Consalvo Sanesi
corrado-fabi,1983,15,0,0,0,0.0,Corrado Fabi
corrado-fabi,1984,3,0,0,0,0.0,Corrado Fabi
cristiano-da-matta,2003,16,0,0,0,10.0,Cristiano Monteiro da Matta
cristiano-da-matta,2004,12,0,0,0,3.0,Cristiano Monteiro da Matta
cuth-harrison,1950,3,0,0,0,0.0,Thomas Cuthbert Harrison
damien-magee,1975,1,0,0,0,0.0,Damien Magee
damien-magee,1976,1,0,0,0,0.0,Damien Magee
damon-hill,1992,8,0,0,0,0.0,Damon Graham Devereux Hill
damon-hill,1993,16,3,10,0,69.0,Damon Graham Devereux Hill
damon-hill,1994,16,6,11,0,91.0,Damon Graham Devereux Hill
damon-hill,1995,17,4,9,0,69.0,Damon Graham Devereux Hill
damon-hill,1996,16,8,10,0,97.0,Damon Graham Devereux Hill
damon-hill,1997,17,0,1,0,7.0,Damon Graham Devereux Hill
damon-hill,1998,16,1,1,0,20.0,Damon Graham Devereux Hill
damon-hill,1999,16,0,0,0,7.0,Damon Graham Devereux Hill
dan-gurney,1959,4,0,2,0,13.0,Daniel Sexton Gurney
dan-gurney,1960,7,0,0,0,0.0,Daniel Sexton Gurney
dan-gurney,1961,8,0,3,0,21.0,Daniel Sexton Gurney
dan-gurney,1962,8,1,2,0,15.0,Daniel Sexton Gurney
dan-gurney,1963,10,0,3,0,19.0,Daniel Sexton Gurney
dan-gurney,1964,10,2,2,0,19.0,Daniel Sexton Gurney
dan-gurney,1965,9,0,5,0,25.0,Daniel Sexton Gurney
dan-gurney,1966,8,0,0,0,4.0,Daniel Sexton Gurney
dan-gurney,1967,11,1,2,0,13.0,Daniel Sexton Gurney
dan-gurney,1968,9,0,0,0,3.0,Daniel Sexton Gurney
dan-gurney,1970,3,0,0,0,1.0,Daniel Sexton Gurney
daniel-ricciardo,2011,11,0,0,0,0.0,Daniel Ricciardo
daniel-ricciardo,2012,20,0,0,0,10.0,Daniel Ricciardo
daniel-ricciardo,2013,19,0,0,0,20.0,Daniel Ricciardo
daniel-ricciardo,2014,19,3,8,0,238.0,Daniel Ricciardo
daniel-ricciardo,2015,19,0,2,0,92.0,Daniel Ricciardo
daniel-ricciardo,2016,21,1,8,0,256.0,Daniel Ricciardo
daniel-ricciardo,2017,20,1,9,0,200.0,Daniel Ricciardo
daniel-ricciardo,2018,21,2,2,0,170.0,Daniel Ricciardo
daniel-ricciardo,2019,21,0,0,0,54.0,Daniel Ricciardo
daniel-ricciardo,2020,17,0,2,0,119.0,Daniel Ricciardo
daniel-ricciardo,2021,22,1,1,0,114.0,Daniel Ricciardo
daniel-ricciardo,2022,22,0,0,0,34.0,Daniel Ricciardo
daniel-ricciardo,2023,7,0,0,0,6.0,Daniel Ricciardo
daniel-ricciardo,2024,18,0,0,0,7.0,Daniel Ricciardo
daniil-kvyat,2014,19,0,0,0,8.0,Daniil Vyacheslavovich Kvyat
daniil-kvyat,2015,19,0,1,0,95.0,Daniil Vyacheslavovich Kvyat
daniil-kvyat,2016,21,0,1,0,25.0,Daniil Vyacheslavovich Kvyat
daniil-kvyat,2017,15,0,0,0,5.0,Daniil Vyacheslavovich Kvyat
daniil-kvyat,2019,21,0,1,0,37.0,Daniil Vyacheslavovich Kvyat
daniil-kvyat,2020,17,0,0,0,32.0,Daniil Vyacheslavovich Kvyat
danny-kladis,1954,1,0,0,0,0.0,Danny Kladis
danny-ongais,1977,2,0,0,0,0.0,Danny Ongais
danny-ongais,1978,4,0,0,0,0.0,Danny Ongais
danny-sullivan,1983,15,0,0,0,2.0,Daniel John Sullivan III
dave-charlton,1965,1,0,0,0,0.0,David William Charlton
dave-charlton,1967,1,0,0,0,0.0,David William Charlton
dave-charlton,1968,1,0,0,0,0.0,David William Charlton
dave-charlton,1970,1,0,0,0,0.0,David William Charlton
dave-charlton,1971,3,0,0,0,0.0,David William Charlton
dave-charlton,1972,4,0,0,0,0.0,David William Charlton
dave-charlton,1973,1,0,0,0,0.0,David William Charlton
dave-charlton,1974,1,0,0,0,0.0,David William Charlton
dave-charlton,1975,1,0,0,0,0.0,David William Charlton
dave-morgan,1975,1,0,0,0,0.0,Dave Morgan
david-brabham,1990,14,0,0,0,0.0,David Brabham
david-brabham,1994,16,0,0,0,0.0,David Brabham
david-coulthard,1994,8,0,1,0,14.0,David Marshall Coulthard
david-coulthard,1995,17,1,8,0,49.0,David Marshall Coulthard
david-coulthard,1996,16,0,2,0,18.0,David Marshall Coulthard
david-coulthard,1997,17,2,4,0,36.0,David Marshall Coulthard
david-coulthard,1998,16,1,9,0,56.0,David Marshall Coulthard
david-coulthard,1999,16,2,6,0,48.0,David Marshall Coulthard
david-coulthard,2000,17,3,11,0,73.0,David Marshall Coulthard
david-coulthard,2001,17,2,10,0,65.0,David Marshall Coulthard
david-coulthard,2002,17,1,6,0,41.0,David Marshall Coulthard
david-coulthard,2003,16,1,3,0,51.0,David Marshall Coulthard
david-coulthard,2004,18,0,0,0,24.0,David Marshall Coulthard
david-coulthard,2005,19,0,0,0,24.0,David Marshall Coulthard
david-coulthard,2006,18,0,1,0,14.0,David Marshall Coulthard
david-coulthard,2007,17,0,0,0,14.0,David Marshall Coulthard
david-coulthard,2008,18,0,1,0,8.0,David Marshall Coulthard
david-hampshire,1950,2,0,0,0,0.0,David Alan Hampshire
david-hobbs,1967,3,0,0,0,0.0,David Wishart Hobbs
david-hobbs,1968,1,0,0,0,0.0,David Wishart Hobbs
david-hobbs,1971,1,0,0,0,0.0,David Wishart Hobbs
david-hobbs,1974,2,0,0,0,0.0,David Wishart Hobbs
david-kennedy,1980,7,0,0,0,0.0,David Kennedy
david-murray,1950,2,0,0,0,0.0,David Murray
david-murray,1951,2,0,0,0,0.0,David Murray
david-murray,1952,1,0,0,0,0.0,David Murray
david-piper,1959,1,0,0,0,0.0,David Piper
david-piper,1960,2,0,0,0,0.0,David Piper
david-prophet,1963,1,0,0,0,0.0,David Prophet
david-prophet,1965,1,0,0,0,0.0,David Prophet
david-purley,1973,5,0,0,0,0.0,David Charles Purley
david-purley,1974,1,0,0,0,0.0,David Charles Purley
david-purley,1977,5,0,0,0,0.0,David Charles Purley
david-walker,1971,1,0,0,0,0.0,David Walker
david-walker,1972,10,0,0,0,0.0,David Walker
dempsey-wilson,1958,1,0,0,0,0.0,Dempsey Cothrin Wilson
dempsey-wilson,1960,1,0,0,0,0.0,Dempsey Cothrin Wilson
dennis-poore,1952,2,0,0,0,3.0,Roger Dennistoun Poore
dennis-taylor,1959,1,0,0,0,0.0,Dennis Taylor
denny-hulme,1965,6,0,0,0,5.0,Denis Clive Hulme
denny-hulme,1966,9,0,4,0,18.0,Denis Clive Hulme
denny-hulme,1967,11,2,8,0,51.0,Denis Clive Hulme
denny-hulme,1968,12,2,3,0,33.0,Denis Clive Hulme
denny-hulme,1969,11,1,2,0,20.0,Denis Clive Hulme
denny-hulme,1970,11,0,4,0,27.0,Denis Clive Hulme
denny-hulme,1971,10,0,0,0,9.0,Denis Clive Hulme
denny-hulme,1972,12,1,7,0,39.0,Denis Clive Hulme
denny-hulme,1973,15,1,3,0,26.0,Denis Clive Hulme
denny-hulme,1974,15,1,2,0,20.0,Denis Clive Hulme
derek-bell,1968,2,0,0,0,0.0,Derek Reginald Bell
derek-bell,1969,1,0,0,0,0.0,Derek Reginald Bell
derek-bell,1970,2,0,0,0,1.0,Derek Reginald Bell
derek-bell,1971,1,0,0,0,0.0,Derek Reginald Bell
derek-bell,1972,5,0,0,0,0.0,Derek Reginald Bell
derek-bell,1974,5,0,0,0,0.0,Derek Reginald Bell
derek-daly,1978,10,0,0,0,1.0,Derek Daly
derek-daly,1979,10,0,0,0,0.0,Derek Daly
derek-daly,1980,14,0,0,0,6.0,Derek Daly
derek-daly,1981,15,0,0,0,0.0,Derek Daly
derek-daly,1982,15,0,0,0,8.0,Derek Daly
derek-warwick,1981,12,0,0,0,0.0,Derek Stanley Arthur Warwick
derek-warwick,1982,14,0,0,0,0.0,Derek Stanley Arthur Warwick
derek-warwick,1983,15,0,0,0,9.0,Derek Stanley Arthur Warwick
derek-warwick,1984,16,0,4,0,23.0,Derek Stanley Arthur Warwick
derek-warwick,1985,15,0,0,0,5.0,Derek Stanley Arthur Warwick
derek-warwick,1986,11,0,0,0,0.0,Derek Stanley Arthur Warwick
derek-warwick,1987,16,0,0,0,3.0,Derek Stanley Arthur Warwick
derek-warwick,1988,16,0,0,0,17.0,Derek Stanley Arthur Warwick
derek-warwick,1989,15,0,0,0,7.0,Derek Stanley Arthur Warwick
derek-warwick,1990,16,0,0,0,3.0,Derek Stanley Arthur Warwick
derek-warwick,1993,16,0,0,0,4.0,Derek Stanley Arthur Warwick
desire-wilson,1980,1,0,0,0,0.0,Desiré Randall Wilson
desmond-titterington,1956,1,0,0,0,0.0,Desmond Titterington
dick-gibson,1957,1,0,0,0,0.0,Richard Gibson
dick-gibson,1958,1,0,0,0,0.0,Richard Gibson
dick-rathmann,1950,1,0,0,0,0.0,James Rathmann
dick-rathmann,1956,1,0,0,0,2.0,James Rathmann
dick-rathmann,1958,1,0,0,0,0.0,James Rathmann
dick-rathmann,1959,1,0,0,0,0.0,James Rathmann
dick-rathmann,1960,1,0,0,0,0.0,James Rathmann
didier-pironi,1978,16,0,0,0,7.0,Didier Joseph Louis Pironi
didier-pironi,1979,15,0,2,0,14.0,Didier Joseph Louis Pironi
didier-pironi,1980,14,1,5,0,32.0,Didier Joseph Louis Pironi
didier-pironi,1981,15,0,0,0,9.0,Didier Joseph Louis Pironi
didier-pironi,1982,12,2,6,0,39.0,Didier Joseph Louis Pironi
dieter-quester,1969,1,0,0,0,0.0,Dieter Quester
dieter-quester,1974,1,0,0,0,0.0,Dieter Quester
divina-galica,1976,1,0,0,0,0.0,Divina Mary Galica
divina-galica,1978,2,0,0,0,0.0,Divina Mary Galica
domenico-schiattarella,1994,2,0,0,0,0.0,Domenico Schiattarella
domenico-schiattarella,1995,5,0,0,0,0.0,Domenico Schiattarella
don-beauman,1954,1,0,0,0,0.0,Donald Bentley Beauman
don-branson,1959,1,0,0,0,0.0,Donald L. Branson
don-branson,1960,1,0,0,0,3.0,Donald L. Branson
don-edmunds,1957,1,0,0,0,0.0,Don Edmunds
don-freeland,1953,1,0,0,0,0.0,Don Freeland
don-freeland,1954,1,0,0,0,0.0,Don Freeland
don-freeland,1955,1,0,0,0,0.0,Don Freeland
don-freeland,1956,1,0,1,0,4.0,Don Freeland
don-freeland,1957,1,0,0,0,0.0,Don Freeland
don-freeland,1958,1,0,0,0,0.0,Don Freeland
don-freeland,1959,1,0,0,0,0.0,Don Freeland
don-freeland,1960,1,0,0,0,0.0,Don Freeland
dorino-serafini,1950,1,0,1,0,3.0,Teodoro Serafini
doug-serrurier,1962,1,0,0,0,0.0,Louis Douglas Serrurier
doug-serrurier,1963,1,0,0,0,0.0,Louis Douglas Serrurier
doug-serrurier,1965,1,0,0,0,0.0,Louis Douglas Serrurier
dries-van-der-lof,1952,1,0,0,0,0.0,Andre van der Lof
duane-carter,1950,1,0,0,0,0.0,Duane Carter
duane-carter,1951,1,0,0,0,0.0,Duane Carter
duane-carter,1952,1,0,0,0,3.0,Duane Carter
duane-carter,1953,2,0,1,0,2.0,Duane Carter
duane-carter,1954,2,0,0,0,1.5,Duane Carter
duane-carter,1955,1,0,0,0,0.0,Duane Carter
duane-carter,1959,1,0,0,0,0.0,Duane Carter
duane-carter,1960,1,0,0,0,0.0,Duane Carter
duke-dinsmore,1950,1,0,0,0,0.0,J. Carlyle Dinsmore
duke-dinsmore,1951,1,0,0,0,0.0,J. Carlyle Dinsmore
duke-dinsmore,1953,1,0,0,0,0.0,J. Carlyle Dinsmore
duke-dinsmore,1956,1,0,0,0,0.0,J. Carlyle Dinsmore
duke-nalon,1951,1,0,0,0,0.0,Dennis Nalon
duke-nalon,1952,1,0,0,0,0.0,Dennis Nalon
duke-nalon,1953,1,0,0,0,0.0,Dennis Nalon
duncan-hamilton,1951,2,0,0,0,0.0,James Duncan Hamilton
duncan-hamilton,1952,2,0,0,0,0.0,James Duncan Hamilton
duncan-hamilton,1953,1,0,0,0,0.0,James Duncan Hamilton
ed-elisian,1954,1,0,0,0,0.0,Ed Elisian
ed-elisian,1955,1,0,0,0,0.0,Ed Elisian
ed-elisian,1956,1,0,0,0,0.0,Ed Elisian
ed-elisian,1957,1,0,0,0,0.0,Ed Elisian
ed-elisian,1958,1,0,0,0,0.0,Ed Elisian
eddie-cheever,1978,3,0,0,0,0.0,Edward McKay Cheever Jr.
eddie-cheever,1980,14,0,0,0,0.0,Edward McKay Cheever Jr.
eddie-cheever,1981,15,0,0,0,10.0,Edward McKay Cheever Jr.
eddie-cheever,1982,15,0,3,0,15.0,Edward McKay Cheever Jr.
eddie-cheever,1983,15,0,4,0,22.0,Edward McKay Cheever Jr.
eddie-cheever,1984,16,0,0,0,3.0,Edward McKay Cheever Jr.
eddie-cheever,1985,16,0,0,0,0.0,Edward McKay Cheever Jr.
eddie-cheever,1986,1,0,0,0,0.0,Edward McKay Cheever Jr.
eddie-cheever,1987,16,0,0,0,8.0,Edward McKay Cheever Jr.
eddie-cheever,1988,16,0,1,0,6.0,Edward McKay Cheever Jr.
eddie-cheever,1989,16,0,1,0,6.0,Edward McKay Cheever Jr.
eddie-irvine,1993,2,0,0,0,1.0,Edmund Irvine Jr.
eddie-irvine,1994,13,0,0,0,6.0,Edmund Irvine Jr.
eddie-irvine,1995,17,0,1,0,10.0,Edmund Irvine Jr.
eddie-irvine,1996,16,0,1,0,11.0,Edmund Irvine Jr.
eddie-irvine,1997,17,0,5,0,24.0,Edmund Irvine Jr.
eddie-irvine,1998,16,0,8,0,47.0,Edmund Irvine Jr.
eddie-irvine,1999,16,4,9,0,74.0,Edmund Irvine Jr.
eddie-irvine,2000,16,0,0,0,4.0,Edmund Irvine Jr.
eddie-irvine,2001,17,0,1,0,6.0,Edmund Irvine Jr.
eddie-irvine,2002,17,0,1,0,8.0,Edmund Irvine Jr.
eddie-johnson,1952,1,0,0,0,0.0,Eddie Johnson
eddie-johnson,1953,1,0,0,0,0.0,Eddie Johnson
eddie-johnson,1954,1,0,0,0,0.0,Eddie Johnson
eddie-johnson,1955,1,0,0,0,0.0,Eddie Johnson
eddie-johnson,1956,1,0,0,0,0.0,Eddie Johnson
eddie-johnson,1957,1,0,0,0,0.0,Eddie Johnson
eddie-johnson,1958,1,0,0,0,0.0,Eddie Johnson
eddie-johnson,1959,1,0,0,0,0.0,Eddie Johnson
eddie-johnson,1960,1,0,0,0,1.0,Eddie Johnson
eddie-keizan,1973,1,0,0,0,0.0,Eddie Keizan
eddie-keizan,1974,1,0,0,0,0.0,Eddie Keizan
eddie-keizan,1975,1,0,0,0,0.0,Eddie Keizan
eddie-russo,1955,1,0,0,0,0.0,Eddie Russo
eddie-russo,1956,1,0,0,0,0.0,Eddie Russo
eddie-russo,1957,1,0,0,0,0.0,Eddie Russo
eddie-russo,1960,1,0,0,0,0.0,Eddie Russo
eddie-sachs,1957,1,0,0,0,0.0,"Edward Julius Sachs, Jr."
eddie-sachs,1958,1,0,0,0,0.0,"Edward Julius Sachs, Jr."
eddie-sachs,1959,1,0,0,0,0.0,"Edward Julius Sachs, Jr."
eddie-sachs,1960,1,0,0,0,0.0,"Edward Julius Sachs, Jr."
edgar-barth,1953,1,0,0,0,0.0,Edgar Barth
edgar-barth,1957,1,0,0,0,0.0,Edgar Barth
edgar-barth,1958,1,0,0,0,0.0,Edgar Barth
edgar-barth,1960,1,0,0,0,0.0,Edgar Barth
edgar-barth,1964,1,0,0,0,0.0,Edgar Barth
eitel-cantoni,1952,3,0,0,0,0.0,Eitel Danilo Cantoni
elie-bayol,1952,1,0,0,0,0.0,Élie Marcel Bayol
elie-bayol,1953,3,0,0,0,0.0,Élie Marcel Bayol
elie-bayol,1954,1,0,0,0,2.0,Élie Marcel Bayol
elie-bayol,1955,2,0,0,0,0.0,Élie Marcel Bayol
elie-bayol,1956,1,0,0,0,0.0,Élie Marcel Bayol
elio-de-angelis,1979,15,0,0,0,3.0,Elio de Angelis
elio-de-angelis,1980,14,0,1,0,13.0,Elio de Angelis
elio-de-angelis,1981,14,0,0,0,14.0,Elio de Angelis
elio-de-angelis,1982,15,1,1,0,23.0,Elio de Angelis
elio-de-angelis,1983,15,0,0,0,2.0,Elio de Angelis
elio-de-angelis,1984,16,0,4,0,34.0,Elio de Angelis
elio-de-angelis,1985,16,1,3,0,33.0,Elio de Angelis
elio-de-angelis,1986,4,0,0,0,0.0,Elio de Angelis
eliseo-salazar,1981,15,0,0,0,1.0,Eliseo Salazar Valenzuela
eliseo-salazar,1982,16,0,0,0,2.0,Eliseo Salazar Valenzuela
eliseo-salazar,1983,6,0,0,0,0.0,Eliseo Salazar Valenzuela
elmer-george,1957,1,0,0,0,0.0,Elmer George
emanuele-naspetti,1992,5,0,0,0,0.0,Emanuele Naspetti
emanuele-naspetti,1993,1,0,0,0,0.0,Emanuele Naspetti
emanuele-pirro,1989,10,0,0,0,2.0,Emanuele Pirro
emanuele-pirro,1990,14,0,0,0,0.0,Emanuele Pirro
emanuele-pirro,1991,16,0,0,0,1.0,Emanuele Pirro
emerson-fittipaldi,1970,6,1,1,0,12.0,Emerson Fittipaldi
emerson-fittipaldi,1971,10,0,3,0,16.0,Emerson Fittipaldi
emerson-fittipaldi,1972,12,5,8,0,61.0,Emerson Fittipaldi
emerson-fittipaldi,1973,15,3,8,0,55.0,Emerson Fittipaldi
emerson-fittipaldi,1974,15,3,7,0,55.0,Emerson Fittipaldi
emerson-fittipaldi,1975,14,2,6,0,45.0,Emerson Fittipaldi
emerson-fittipaldi,1976,16,0,0,0,3.0,Emerson Fittipaldi
emerson-fittipaldi,1977,16,0,0,0,11.0,Emerson Fittipaldi
emerson-fittipaldi,1978,16,0,1,0,17.0,Emerson Fittipaldi
emerson-fittipaldi,1979,15,0,0,0,1.0,Emerson Fittipaldi
emerson-fittipaldi,1980,14,0,1,0,5.0,Emerson Fittipaldi
emilio-de-villota,1976,1,0,0,0,0.0,Emilio de Villota Ruíz
emilio-de-villota,1977,7,0,0,0,0.0,Emilio de Villota Ruíz
emilio-de-villota,1978,1,0,0,0,0.0,Emilio de Villota Ruíz
emilio-de-villota,1982,5,0,0,0,0.0,Emilio de Villota Ruíz
emilio-zapico,1976,1,0,0,0,0.0,Emilio Rodríguez Zapico
emmanuel-de-graffenried,1950,4,0,0,0,0.0,Emmanuel de Graffenried
emmanuel-de-graffenried,1951,5,0,0,0,2.0,Emmanuel de Graffenried
emmanuel-de-graffenried,1952,4,0,0,0,0.0,Emmanuel de Graffenried
emmanuel-de-graffenried,1953,7,0,0,0,7.0,Emmanuel de Graffenried
emmanuel-de-graffenried,1954,2,0,0,0,0.0,Emmanuel de Graffenried
emmanuel-de-graffenried,1956,1,0,0,0,0.0,Emmanuel de Graffenried
enrico-bertaggia,1989,6,0,0,0,0.0,Enrico Bertaggia
enrico-bertaggia,1992,1,0,0,0,0.0,Enrico Bertaggia
enrique-bernoldi,2001,17,0,0,0,0.0,Enrique Antônio Langue e Silvério de Bernoldi
enrique-bernoldi,2002,12,0,0,0,0.0,Enrique Antônio Langue e Silvério de Bernoldi
eppie-wietzes,1967,1,0,0,0,0.0,Egbert Wietzes
eppie-wietzes,1974,1,0,0,0,0.0,Egbert Wietzes
eric-bernard,1989,2,0,0,0,0.0,Éric Bernard
eric-bernard,1990,16,0,0,0,5.0,Éric Bernard
eric-bernard,1991,15,0,0,0,1.0,Éric Bernard
eric-bernard,1994,14,0,1,0,4.0,Éric Bernard
eric-brandon,1952,4,0,0,0,0.0,Eric Brandon
eric-brandon,1954,1,0,0,0,0.0,Eric Brandon
eric-thompson,1952,1,0,0,0,2.0,Eric Thompson
eric-van-de-poele,1991,16,0,0,0,0.0,Eric van de Poele
eric-van-de-poele,1992,13,0,0,0,0.0,Eric van de Poele
erik-comas,1991,16,0,0,0,0.0,Érik Comas
erik-comas,1992,16,0,0,0,4.0,Érik Comas
erik-comas,1993,16,0,0,0,1.0,Érik Comas
erik-comas,1994,15,0,0,0,2.0,Érik Comas
ernesto-brambilla,1963,1,0,0,0,0.0,Ernesto Brambilla
ernesto-brambilla,1969,1,0,0,0,0.0,Ernesto Brambilla
ernesto-prinoth,1962,1,0,0,0,0.0,Ernesto Prinoth
ernie-mccoy,1953,1,0,0,0,0.0,Ernie McCoy
ernie-mccoy,1954,1,0,0,0,0.0,Ernie McCoy
ernie-pieterse,1962,1,0,0,0,0.0,Ernest Pieterse
ernie-pieterse,1963,1,0,0,0,0.0,Ernest Pieterse
ernie-pieterse,1965,1,0,0,0,0.0,Ernest Pieterse
ernst-klodwig,1952,1,0,0,0,0.0,Ernst Klodwig
ernst-klodwig,1953,1,0,0,0,0.0,Ernst Klodwig
ernst-loof,1953,1,0,0,0,0.0,Ernst Loof
erwin-bauer,1953,1,0,0,0,0.0,Erwin Bauer
esteban-gutierrez,2013,19,0,0,0,6.0,Esteban Manuel Gutiérrez Gutiérrez
esteban-gutierrez,2014,19,0,0,0,0.0,Esteban Manuel Gutiérrez Gutiérrez
esteban-gutierrez,2016,21,0,0,0,0.0,Esteban Manuel Gutiérrez Gutiérrez
esteban-ocon,2016,9,0,0,0,0.0,Esteban Ocon
esteban-ocon,2017,20,0,0,0,87.0,Esteban Ocon
esteban-ocon,2018,21,0,0,0,49.0,Esteban Ocon
esteban-ocon,2020,17,0,1,0,62.0,Esteban Ocon
esteban-ocon,2021,22,1,1,0,74.0,Esteban Ocon
esteban-ocon,2022,22,0,0,0,89.0,Esteban Ocon
esteban-ocon,2023,22,0,1,0,56.0,Esteban Ocon
esteban-ocon,2024,23,0,1,0,23.0,Esteban Ocon
esteban-ocon,2025,17,0,0,0,24.0,Esteban Ocon
esteban-tuero,1998,16,0,0,0,0.0,Esteban Tuero
ettore-chimeri,1960,1,0,0,0,0.0,Ettore Muro Chimeri
eugene-chaboud,1950,3,0,0,0,1.0,Marius Eugène Chaboud
eugene-chaboud,1951,1,0,0,0,0.0,Marius Eugène Chaboud
eugene-martin,1950,2,0,0,0,0.0,Eugène Martin
eugenio-castellotti,1955,7,0,2,0,12.0,Eugenio Castellotti
eugenio-castellotti,1956,10,0,1,0,7.5,Eugenio Castellotti
eugenio-castellotti,1957,1,0,0,0,0.0,Eugenio Castellotti
fabrizio-barbazza,1991,12,0,0,0,0.0,Fabrizio Barbazza
fabrizio-barbazza,1993,8,0,0,0,2.0,Fabrizio Barbazza
felice-bonetto,1950,3,0,0,0,2.0,Felice Bonetto
felice-bonetto,1951,4,0,1,0,7.0,Felice Bonetto
felice-bonetto,1952,2,0,0,0,2.0,Felice Bonetto
felice-bonetto,1953,8,0,1,0,6.5,Felice Bonetto
felipe-massa,2002,16,0,0,0,4.0,Felipe Massa
felipe-massa,2004,18,0,0,0,12.0,Felipe Massa
felipe-massa,2005,19,0,0,0,11.0,Felipe Massa
felipe-massa,2006,18,2,7,0,80.0,Felipe Massa
felipe-massa,2007,17,3,10,0,94.0,Felipe Massa
felipe-massa,2008,18,6,10,0,97.0,Felipe Massa
felipe-massa,2009,10,0,1,0,22.0,Felipe Massa
felipe-massa,2010,19,0,5,0,144.0,Felipe Massa
felipe-massa,2011,19,0,0,0,118.0,Felipe Massa
felipe-massa,2012,20,0,2,0,122.0,Felipe Massa
felipe-massa,2013,19,0,1,0,112.0,Felipe Massa
felipe-massa,2014,19,0,3,0,134.0,Felipe Massa
felipe-massa,2015,19,0,2,0,121.0,Felipe Massa
felipe-massa,2016,21,0,0,0,53.0,Felipe Massa
felipe-massa,2017,19,0,0,0,43.0,Felipe Massa
felipe-nasr,2015,19,0,0,0,27.0,Luiz Felipe de Oliveira Nasr
felipe-nasr,2016,21,0,0,0,2.0,Luiz Felipe de Oliveira Nasr
fernando-alonso,2001,17,0,0,0,0.0,Fernando Alonso Díaz
fernando-alonso,2003,16,1,4,0,55.0,Fernando Alonso Díaz
fernando-alonso,2004,18,0,4,0,59.0,Fernando Alonso Díaz
fernando-alonso,2005,19,7,15,0,133.0,Fernando Alonso Díaz
fernando-alonso,2006,18,7,14,0,134.0,Fernando Alonso Díaz
fernando-alonso,2007,17,4,12,0,109.0,Fernando Alonso Díaz
fernando-alonso,2008,18,2,3,0,61.0,Fernando Alonso Díaz
fernando-alonso,2009,17,0,1,0,26.0,Fernando Alonso Díaz
fernando-alonso,2010,19,5,10,0,252.0,Fernando Alonso Díaz
fernando-alonso,2011,19,1,10,0,257.0,Fernando Alonso Díaz
fernando-alonso,2012,20,3,13,0,278.0,Fernando Alonso Díaz
fernando-alonso,2013,19,2,9,0,242.0,Fernando Alonso Díaz
fernando-alonso,2014,19,0,2,0,161.0,Fernando Alonso Díaz
fernando-alonso,2015,18,0,0,0,11.0,Fernando Alonso Díaz
fernando-alonso,2016,20,0,0,0,54.0,Fernando Alonso Díaz
fernando-alonso,2017,19,0,0,0,17.0,Fernando Alonso Díaz
fernando-alonso,2018,21,0,0,0,50.0,Fernando Alonso Díaz
fernando-alonso,2021,22,0,1,0,81.0,Fernando Alonso Díaz
fernando-alonso,2022,22,0,0,0,81.0,Fernando Alonso Díaz
fernando-alonso,2023,22,0,8,0,198.0,Fernando Alonso Díaz
fernando-alonso,2024,24,0,0,0,70.0,Fernando Alonso Díaz
fernando-alonso,2025,17,0,0,0,30.0,Fernando Alonso Díaz
franck-lagorce,1994,2,0,0,0,0.0,Franck Lagorce
franck-montagny,2006,7,0,0,0,0.0,Franck Montagny
franco-colapinto,2024,9,0,0,0,5.0,Franco Alejandro Colapinto
franco-colapinto,2025,11,0,0,0,0.0,Franco Alejandro Colapinto
franco-comotti,1950,1,0,0,0,0.0,Gianfranco Comotti
franco-comotti,1952,1,0,0,0,0.0,Gianfranco Comotti
franco-forini,1987,3,0,0,0,0.0,Franco Forini
franco-rol,1950,3,0,0,0,0.0,Franco Rol
franco-rol,1951,1,0,0,0,0.0,Franco Rol
franco-rol,1952,1,0,0,0,0.0,Franco Rol
francois-cevert,1969,1,0,0,0,0.0,Albert François Cevert Goldenberg
francois-cevert,1970,9,0,0,0,1.0,Albert François Cevert Goldenberg
francois-cevert,1971,11,1,4,0,26.0,Albert François Cevert Goldenberg
francois-cevert,1972,12,0,2,0,15.0,Albert François Cevert Goldenberg
francois-cevert,1973,15,0,7,0,47.0,Albert François Cevert Goldenberg
francois-hesnault,1984,16,0,0,0,0.0,François Hesnault
francois-hesnault,1985,5,0,0,0,0.0,François Hesnault
francois-mazet,1971,1,0,0,0,0.0,François Mazet
francois-migault,1972,2,0,0,0,0.0,François Migault
francois-migault,1974,11,0,0,0,0.0,François Migault
francois-migault,1975,3,0,0,0,0.0,François Migault
francois-picard,1958,1,0,0,0,0.0,François Picard
frank-armi,1954,1,0,0,0,0.0,Frank Armi
frank-dochnal,1963,1,0,0,0,0.0,Frank J. Dochnal
frank-gardner,1964,1,0,0,0,0.0,Frank Gardner
frank-gardner,1965,7,0,0,0,0.0,Frank Gardner
frank-gardner,1968,1,0,0,0,0.0,Frank Gardner
fred-agabashian,1950,2,0,0,0,0.0,Levon Agabashian
fred-agabashian,1951,1,0,0,0,0.0,Levon Agabashian
fred-agabashian,1952,1,0,0,0,0.0,Levon Agabashian
fred-agabashian,1953,1,0,0,0,1.5,Levon Agabashian
fred-agabashian,1954,1,0,0,0,0.0,Levon Agabashian
fred-agabashian,1955,1,0,0,0,0.0,Levon Agabashian
fred-agabashian,1956,1,0,0,0,0.0,Levon Agabashian
fred-agabashian,1957,1,0,0,0,0.0,Levon Agabashian
fred-gamble,1960,1,0,0,0,0.0,Fred K. Gamble
fred-wacker,1953,3,0,0,0,0.0,Frederick G. Wacker Jr.
fred-wacker,1954,2,0,0,0,0.0,Frederick G. Wacker Jr.
fritz-dorey,1959,3,0,0,0,0.0,Frederico José Carlos Themudo d'Orey
fritz-riess,1952,1,0,0,0,0.0,Fritz Riess
gabriel-bortoleto,2025,17,0,0,0,18.0,Gabriel Bortoleto Oliveira
gabriele-tarquini,1987,1,0,0,0,0.0,Gabriele Tarquini
gabriele-tarquini,1988,16,0,0,0,0.0,Gabriele Tarquini
gabriele-tarquini,1989,15,0,0,0,1.0,Gabriele Tarquini
gabriele-tarquini,1990,16,0,0,0,0.0,Gabriele Tarquini
gabriele-tarquini,1991,16,0,0,0,0.0,Gabriele Tarquini
gabriele-tarquini,1992,13,0,0,0,0.0,Gabriele Tarquini
gabriele-tarquini,1995,1,0,0,0,0.0,Gabriele Tarquini
gaetano-starrabba,1961,1,0,0,0,0.0,Prince Gaetano Starrabba di Giardinelli
gary-brabham,1990,2,0,0,0,0.0,Gary Brabham
gaston-mazzacane,2000,17,0,0,0,0.0,Gastón Hugo Mazzacane
gaston-mazzacane,2001,4,0,0,0,0.0,Gastón Hugo Mazzacane
gene-force,1951,1,0,0,0,0.0,Gene Force
gene-force,1960,1,0,0,0,0.0,Gene Force
gene-hartley,1950,1,0,0,0,0.0,Leslie Eugene Hartley
gene-hartley,1952,1,0,0,0,0.0,Leslie Eugene Hartley
gene-hartley,1953,2,0,0,0,0.0,Leslie Eugene Hartley
gene-hartley,1954,1,0,0,0,0.0,Leslie Eugene Hartley
gene-hartley,1956,1,0,0,0,0.0,Leslie Eugene Hartley
gene-hartley,1957,1,0,0,0,0.0,Leslie Eugene Hartley
gene-hartley,1959,1,0,0,0,0.0,Leslie Eugene Hartley
gene-hartley,1960,1,0,0,0,0.0,Leslie Eugene Hartley
geoff-lees,1978,1,0,0,0,0.0,Geoffrey Lees
geoff-lees,1979,1,0,0,0,0.0,Geoffrey Lees
geoff-lees,1980,8,0,0,0,0.0,Geoffrey Lees
geoff-lees,1982,2,0,0,0,0.0,Geoffrey Lees
geoffrey-crossley,1950,2,0,0,0,0.0,Geoffrey Crossley
george-abecassis,1951,1,0,0,0,0.0,George Edgar Abecassis
george-abecassis,1952,1,0,0,0,0.0,George Edgar Abecassis
george-amick,1958,1,0,1,0,6.0,George R. Amick
george-connor,1950,1,0,0,0,0.0,George Connor
george-connor,1951,1,0,0,0,0.0,George Connor
george-connor,1952,1,0,0,0,0.0,George Connor
george-constantine,1959,1,0,0,0,0.0,George J. Constantine
george-eaton,1969,2,0,0,0,0.0,George Ross Eaton
george-eaton,1970,10,0,0,0,0.0,George Ross Eaton
george-eaton,1971,1,0,0,0,0.0,George Ross Eaton
george-follmer,1973,13,0,1,0,5.0,George Follmer
george-fonder,1952,1,0,0,0,0.0,George Fonder
george-fonder,1954,2,0,0,0,0.0,George Fonder
george-russell,2019,21,0,0,0,0.0,George Russell
george-russell,2020,17,0,0,0,3.0,George Russell
george-russell,2021,22,0,1,0,16.0,George Russell
george-russell,2022,22,1,8,0,262.0,George Russell
george-russell,2023,22,0,2,0,157.0,George Russell
george-russell,2024,24,2,4,0,226.0,George Russell
george-russell,2025,17,1,7,0,202.0,George Russell
georges-berger,1953,1,0,0,0,0.0,Georges Berger
georges-berger,1954,1,0,0,0,0.0,Georges Berger
georges-grignard,1951,1,0,0,0,0.0,Auguste Georges Paul Grignard
gerard-larrousse,1974,2,0,0,0,0.0,Gérard Larrousse
gerhard-berger,1984,4,0,0,0,0.0,Gerhard Berger
gerhard-berger,1985,16,0,0,0,3.0,Gerhard Berger
gerhard-berger,1986,16,1,2,0,17.0,Gerhard Berger
gerhard-berger,1987,16,2,3,0,36.0,Gerhard Berger
gerhard-berger,1988,16,1,5,0,41.0,Gerhard Berger
gerhard-berger,1989,15,1,3,0,21.0,Gerhard Berger
gerhard-berger,1990,16,0,7,0,43.0,Gerhard Berger
gerhard-berger,1991,16,1,6,0,43.0,Gerhard Berger
gerhard-berger,1992,16,2,5,0,49.0,Gerhard Berger
gerhard-berger,1993,16,0,1,0,12.0,Gerhard Berger
gerhard-berger,1994,16,1,6,0,41.0,Gerhard Berger
gerhard-berger,1995,17,0,6,0,31.0,Gerhard Berger
gerhard-berger,1996,16,0,2,0,21.0,Gerhard Berger
gerhard-berger,1997,14,1,2,0,27.0,Gerhard Berger
gerhard-mitter,1963,2,0,0,0,3.0,Gerhard Karl Mitter
gerhard-mitter,1964,1,0,0,0,0.0,Gerhard Karl Mitter
gerhard-mitter,1965,1,0,0,0,0.0,Gerhard Karl Mitter
gerhard-mitter,1966,1,0,0,0,0.0,Gerhard Karl Mitter
gerhard-mitter,1967,1,0,0,0,0.0,Gerhard Karl Mitter
gerhard-mitter,1969,1,0,0,0,0.0,Gerhard Karl Mitter
gerino-gerini,1956,2,0,0,0,1.5,Gerino Gerini
gerino-gerini,1958,5,0,0,0,0.0,Gerino Gerini
gerry-ashmore,1961,3,0,0,0,0.0,Gerry Ashmore
gerry-ashmore,1962,1,0,0,0,0.0,Gerry Ashmore
giacomo-russo,1964,1,0,0,0,0.0,Giacomo Russo
giacomo-russo,1965,1,0,0,0,0.0,Giacomo Russo
giacomo-russo,1966,1,0,0,0,0.0,Giacomo Russo
giancarlo-baghetti,1961,3,1,1,0,9.0,Giancarlo Baghetti
giancarlo-baghetti,1962,4,0,0,0,5.0,Giancarlo Baghetti
giancarlo-baghetti,1963,5,0,0,0,0.0,Giancarlo Baghetti
giancarlo-baghetti,1964,6,0,0,0,0.0,Giancarlo Baghetti
giancarlo-baghetti,1965,1,0,0,0,0.0,Giancarlo Baghetti
giancarlo-baghetti,1966,1,0,0,0,0.0,Giancarlo Baghetti
giancarlo-baghetti,1967,1,0,0,0,0.0,Giancarlo Baghetti
giancarlo-fisichella,1996,8,0,0,0,0.0,Giancarlo Fisichella
giancarlo-fisichella,1997,17,0,2,0,20.0,Giancarlo Fisichella
giancarlo-fisichella,1998,16,0,2,0,16.0,Giancarlo Fisichella
giancarlo-fisichella,1999,16,0,1,0,13.0,Giancarlo Fisichella
giancarlo-fisichella,2000,17,0,3,0,18.0,Giancarlo Fisichella
giancarlo-fisichella,2001,17,0,1,0,8.0,Giancarlo Fisichella
giancarlo-fisichella,2002,17,0,0,0,7.0,Giancarlo Fisichella
giancarlo-fisichella,2003,16,1,1,0,12.0,Giancarlo Fisichella
giancarlo-fisichella,2004,18,0,0,0,22.0,Giancarlo Fisichella
giancarlo-fisichella,2005,19,1,3,0,58.0,Giancarlo Fisichella
giancarlo-fisichella,2006,18,1,5,0,72.0,Giancarlo Fisichella
giancarlo-fisichella,2007,17,0,0,0,21.0,Giancarlo Fisichella
giancarlo-fisichella,2008,18,0,0,0,0.0,Giancarlo Fisichella
giancarlo-fisichella,2009,17,0,1,0,8.0,Giancarlo Fisichella
gianfranco-brancatelli,1979,3,0,0,0,0.0,Gianfranco Brancatelli
gianmaria-bruni,2004,18,0,0,0,0.0,Gianmaria Bruni
gianni-morbidelli,1990,4,0,0,0,0.0,Gianni Morbidelli
gianni-morbidelli,1991,16,0,0,0,0.5,Gianni Morbidelli
gianni-morbidelli,1992,16,0,0,0,0.0,Gianni Morbidelli
gianni-morbidelli,1994,16,0,0,0,3.0,Gianni Morbidelli
gianni-morbidelli,1995,10,0,1,0,5.0,Gianni Morbidelli
gianni-morbidelli,1997,8,0,0,0,0.0,Gianni Morbidelli
giedo-van-der-garde,2013,19,0,0,0,0.0,Giedo Gijsbertus Gerrit van der Garde
gijs-van-lennep,1971,2,0,0,0,0.0,Gijsbert van Lennep
gijs-van-lennep,1973,3,0,0,0,1.0,Gijsbert van Lennep
gijs-van-lennep,1974,2,0,0,0,0.0,Gijsbert van Lennep
gijs-van-lennep,1975,3,0,0,0,1.0,Gijsbert van Lennep
gilles-villeneuve,1977,3,0,0,0,0.0,Joseph Gilles Henri Villeneuve
gilles-villeneuve,1978,16,1,2,0,17.0,Joseph Gilles Henri Villeneuve
gilles-villeneuve,1979,15,3,7,0,53.0,Joseph Gilles Henri Villeneuve
gilles-villeneuve,1980,14,0,0,0,6.0,Joseph Gilles Henri Villeneuve
gilles-villeneuve,1981,15,2,3,0,25.0,Joseph Gilles Henri Villeneuve
gilles-villeneuve,1982,5,0,1,0,6.0,Joseph Gilles Henri Villeneuve
gino-bianco,1952,4,0,0,0,0.0,Luigi Emilio Rodolfo Bertetti Bianco
gino-munaron,1960,5,0,0,0,0.0,Gino Munaron
giorgio-bassi,1965,1,0,0,0,0.0,Giorgio Bassi
giorgio-francia,1977,1,0,0,0,0.0,Giorgio Francia
giorgio-francia,1981,1,0,0,0,0.0,Giorgio Francia
giorgio-pantano,2004,14,0,0,0,0.0,Giorgio Pantano
giorgio-scarlatti,1956,2,0,0,0,0.0,Giorgio Scarlatti
giorgio-scarlatti,1957,4,0,0,0,1.0,Giorgio Scarlatti
giorgio-scarlatti,1958,2,0,0,0,0.0,Giorgio Scarlatti
giorgio-scarlatti,1959,3,0,0,0,0.0,Giorgio Scarlatti
giorgio-scarlatti,1960,3,0,0,0,0.0,Giorgio Scarlatti
giorgio-scarlatti,1961,1,0,0,0,0.0,Giorgio Scarlatti
giovanna-amati,1992,3,0,0,0,0.0,Giovanna Amati
giovanni-de-riu,1954,1,0,0,0,0.0,Giovanni de Riu
giovanni-lavaggi,1995,4,0,0,0,0.0,Giovanni Lavaggi
giovanni-lavaggi,1996,6,0,0,0,0.0,Giovanni Lavaggi
giulio-cabianca,1958,2,0,0,0,0.0,Giulio Cabianca
giulio-cabianca,1959,1,0,0,0,0.0,Giulio Cabianca
giulio-cabianca,1960,1,0,0,0,3.0,Giulio Cabianca
graham-hill,1958,9,0,0,0,0.0,Norman Graham Hill
graham-hill,1959,7,0,0,0,0.0,Norman Graham Hill
graham-hill,1960,8,0,1,0,4.0,Norman Graham Hill
graham-hill,1961,8,0,0,0,3.0,Norman Graham Hill
graham-hill,1962,9,4,6,0,52.0,Norman Graham Hill
graham-hill,1963,10,2,5,0,29.0,Norman Graham Hill
graham-hill,1964,10,2,5,0,41.0,Norman Graham Hill
graham-hill,1965,10,2,6,0,47.0,Norman Graham Hill
graham-hill,1966,9,0,3,0,17.0,Norman Graham Hill
graham-hill,1967,11,0,2,0,15.0,Norman Graham Hill
graham-hill,1968,12,3,6,0,48.0,Norman Graham Hill
graham-hill,1969,10,1,2,0,19.0,Norman Graham Hill
graham-hill,1970,12,0,0,0,7.0,Norman Graham Hill
graham-hill,1971,11,0,0,0,2.0,Norman Graham Hill
graham-hill,1972,12,0,0,0,4.0,Norman Graham Hill
graham-hill,1973,12,0,0,0,0.0,Norman Graham Hill
graham-hill,1974,15,0,0,0,1.0,Norman Graham Hill
graham-hill,1975,4,0,0,0,0.0,Norman Graham Hill
graham-mcrae,1973,1,0,0,0,0.0,Graham McRae
graham-whitehead,1952,1,0,0,0,0.0,Anthony Graham Whitehead
gregor-foitek,1989,12,0,0,0,0.0,Gregor Foitek
gregor-foitek,1990,10,0,0,0,0.0,Gregor Foitek
guanyu-zhou,2022,22,0,0,0,6.0,Guanyu Zhou
guanyu-zhou,2023,22,0,0,0,6.0,Guanyu Zhou
guanyu-zhou,2024,24,0,0,0,4.0,Guanyu Zhou
gunnar-nilsson,1976,15,0,2,0,11.0,Gunnar Nilsson
gunnar-nilsson,1977,17,1,2,0,20.0,Gunnar Nilsson
gunther-seiffert,1962,1,0,0,0,0.0,Günther Seiffert
gus-hutchison,1970,1,0,0,0,0.0,Gus Hutchison
guy-edwards,1974,10,0,0,0,0.0,Guy Richard Goronwy Edwards
guy-edwards,1976,6,0,0,0,0.0,Guy Richard Goronwy Edwards
guy-edwards,1977,1,0,0,0,0.0,Guy Richard Goronwy Edwards
guy-ligier,1966,6,0,0,0,0.0,Guy Camille Ligier
guy-ligier,1967,7,0,0,0,1.0,Guy Camille Ligier
guy-mairesse,1950,1,0,0,0,0.0,Guy Mairesse
guy-mairesse,1951,2,0,0,0,0.0,Guy Mairesse
guy-tunmer,1975,1,0,0,0,0.0,Percival Guy Tunmer
hans-binder,1976,2,0,0,0,0.0,Hans Binder
hans-binder,1977,12,0,0,0,0.0,Hans Binder
hans-binder,1978,1,0,0,0,0.0,Hans Binder
hans-herrmann,1953,1,0,0,0,0.0,Hans Herrmann
hans-herrmann,1954,5,0,1,0,8.0,Hans Herrmann
hans-herrmann,1955,2,0,0,0,1.0,Hans Herrmann
hans-herrmann,1957,2,0,0,0,0.0,Hans Herrmann
hans-herrmann,1958,3,0,0,0,0.0,Hans Herrmann
hans-herrmann,1959,2,0,0,0,0.0,Hans Herrmann
hans-herrmann,1960,1,0,0,0,1.0,Hans Herrmann
hans-herrmann,1961,3,0,0,0,0.0,Hans Herrmann
hans-herrmann,1966,1,0,0,0,0.0,Hans Herrmann
hans-herrmann,1969,1,0,0,0,0.0,Hans Herrmann
hans-heyer,1977,1,0,0,0,0.0,Hans Heyer
hans-joachim-stuck,1974,14,0,0,0,5.0,Hans-Joachim Stuck
hans-joachim-stuck,1975,5,0,0,0,0.0,Hans-Joachim Stuck
hans-joachim-stuck,1976,16,0,0,0,8.0,Hans-Joachim Stuck
hans-joachim-stuck,1977,15,0,2,0,12.0,Hans-Joachim Stuck
hans-joachim-stuck,1978,16,0,0,0,2.0,Hans-Joachim Stuck
hans-joachim-stuck,1979,15,0,0,0,2.0,Hans-Joachim Stuck
hans-klenk,1952,1,0,0,0,0.0,Hans Klenk
hans-stuck,1951,1,0,0,0,0.0,Hans Stuck
hans-stuck,1952,2,0,0,0,0.0,Hans Stuck
hans-stuck,1953,2,0,0,0,0.0,Hans Stuck
hap-sharp,1961,1,0,0,0,0.0,James Sharp
hap-sharp,1962,1,0,0,0,0.0,James Sharp
hap-sharp,1963,2,0,0,0,0.0,James Sharp
hap-sharp,1964,2,0,0,0,0.0,James Sharp
harald-ertl,1975,3,0,0,0,0.0,Harald Ertl
harald-ertl,1976,15,0,0,0,0.0,Harald Ertl
harald-ertl,1977,5,0,0,0,0.0,Harald Ertl
harald-ertl,1978,5,0,0,0,0.0,Harald Ertl
harald-ertl,1980,1,0,0,0,0.0,Harald Ertl
harry-blanchard,1959,1,0,0,0,0.0,Harry Cutler Blanchard
harry-merkel,1952,1,0,0,0,0.0,Harry Erich Merkel
harry-schell,1950,2,0,0,0,0.0,Henry O'Reilly Schell
harry-schell,1951,2,0,0,0,0.0,Henry O'Reilly Schell
harry-schell,1952,4,0,0,0,0.0,Henry O'Reilly Schell
harry-schell,1953,7,0,0,0,0.0,Henry O'Reilly Schell
harry-schell,1954,6,0,0,0,0.0,Henry O'Reilly Schell
harry-schell,1955,8,0,0,0,0.0,Henry O'Reilly Schell
harry-schell,1956,7,0,0,0,3.0,Henry O'Reilly Schell
harry-schell,1957,9,0,1,0,10.0,Henry O'Reilly Schell
harry-schell,1958,10,0,1,0,14.0,Henry O'Reilly Schell
harry-schell,1959,8,0,0,0,5.0,Henry O'Reilly Schell
harry-schell,1960,1,0,0,0,0.0,Henry O'Reilly Schell
hector-rebaque,1977,6,0,0,0,0.0,Héctor Alonso Rebaque
hector-rebaque,1978,16,0,0,0,1.0,Héctor Alonso Rebaque
hector-rebaque,1979,14,0,0,0,0.0,Héctor Alonso Rebaque
hector-rebaque,1980,7,0,0,0,1.0,Héctor Alonso Rebaque
hector-rebaque,1981,15,0,0,0,11.0,Héctor Alonso Rebaque
heikki-kovalainen,2007,17,0,1,0,30.0,Heikki Johannes Kovalainen
heikki-kovalainen,2008,18,1,3,0,53.0,Heikki Johannes Kovalainen
heikki-kovalainen,2009,17,0,0,0,22.0,Heikki Johannes Kovalainen
heikki-kovalainen,2010,19,0,0,0,0.0,Heikki Johannes Kovalainen
heikki-kovalainen,2011,19,0,0,0,0.0,Heikki Johannes Kovalainen
heikki-kovalainen,2012,20,0,0,0,0.0,Heikki Johannes Kovalainen
heikki-kovalainen,2013,2,0,0,0,0.0,Heikki Johannes Kovalainen
heini-walter,1962,1,0,0,0,0.0,Heini Walter
heinz-harald-frentzen,1994,16,0,0,0,7.0,Heinz-Harald Frentzen
heinz-harald-frentzen,1995,17,0,1,0,15.0,Heinz-Harald Frentzen
heinz-harald-frentzen,1996,16,0,0,0,7.0,Heinz-Harald Frentzen
heinz-harald-frentzen,1997,17,1,7,0,42.0,Heinz-Harald Frentzen
heinz-harald-frentzen,1998,16,0,1,0,17.0,Heinz-Harald Frentzen
heinz-harald-frentzen,1999,16,2,6,0,54.0,Heinz-Harald Frentzen
heinz-harald-frentzen,2000,17,0,2,0,11.0,Heinz-Harald Frentzen
heinz-harald-frentzen,2001,15,0,0,0,6.0,Heinz-Harald Frentzen
heinz-harald-frentzen,2002,13,0,0,0,2.0,Heinz-Harald Frentzen
heinz-harald-frentzen,2003,16,0,1,0,13.0,Heinz-Harald Frentzen
heinz-schiller,1962,1,0,0,0,0.0,Heinz Schiller
helm-glockler,1953,1,0,0,0,0.0,Helm Glöckler
helmut-marko,1971,5,0,0,0,0.0,Helmut Marko
helmut-marko,1972,5,0,0,0,0.0,Helmut Marko
helmut-niedermayr,1952,1,0,0,0,0.0,Helmut Niedermayr
helmuth-koinigg,1974,3,0,0,0,0.0,Helmuth Koinigg
henri-louveau,1950,1,0,0,0,0.0,Henri Louveau
henri-louveau,1951,1,0,0,0,0.0,Henri Louveau
henri-pescarolo,1968,3,0,0,0,0.0,Henri Jacques William Pescarolo
henri-pescarolo,1969,1,0,0,0,0.0,Henri Jacques William Pescarolo
henri-pescarolo,1970,13,0,1,0,8.0,Henri Jacques William Pescarolo
henri-pescarolo,1971,11,0,0,0,4.0,Henri Jacques William Pescarolo
henri-pescarolo,1972,12,0,0,0,0.0,Henri Jacques William Pescarolo
henri-pescarolo,1973,3,0,0,0,0.0,Henri Jacques William Pescarolo
henri-pescarolo,1974,12,0,0,0,0.0,Henri Jacques William Pescarolo
henri-pescarolo,1976,9,0,0,0,0.0,Henri Jacques William Pescarolo
henry-banks,1950,1,0,0,0,0.0,Henry Banks
henry-banks,1951,1,0,0,0,0.0,Henry Banks
henry-banks,1952,1,0,0,0,0.0,Henry Banks
henry-taylor,1959,1,0,0,0,0.0,Henry Taylor
henry-taylor,1960,5,0,0,0,3.0,Henry Taylor
henry-taylor,1961,5,0,0,0,0.0,Henry Taylor
herbert-mackay-fraser,1957,1,0,0,0,0.0,Herbert MacKay-Fraser
hermann-lang,1953,1,0,0,0,2.0,Hermann Lang
hermann-lang,1954,1,0,0,0,0.0,Hermann Lang
hermano-da-silva-ramos,1955,3,0,0,0,0.0,Hermano João da Silva Ramos
hermano-da-silva-ramos,1956,4,0,0,0,2.0,Hermano João da Silva Ramos
hideki-noda,1994,3,0,0,0,0.0,Hideki Noda
hiroshi-fushida,1975,2,0,0,0,0.0,Hiroshi Fushida
horace-gould,1954,1,0,0,0,0.0,Horace Harry Twigg
horace-gould,1955,3,0,0,0,0.0,Horace Harry Twigg
horace-gould,1956,4,0,0,0,2.0,Horace Harry Twigg
horace-gould,1957,6,0,0,0,0.0,Horace Harry Twigg
horace-gould,1958,3,0,0,0,0.0,Horace Harry Twigg
horace-gould,1960,1,0,0,0,0.0,Horace Harry Twigg
howden-ganley,1971,11,0,0,0,5.0,James Howden Ganley
howden-ganley,1972,11,0,0,0,4.0,James Howden Ganley
howden-ganley,1973,15,0,0,0,1.0,James Howden Ganley
howden-ganley,1974,4,0,0,0,0.0,James Howden Ganley
hubert-hahne,1966,1,0,0,0,0.0,Hubert Hahne
hubert-hahne,1967,1,0,0,0,0.0,Hubert Hahne
hubert-hahne,1968,1,0,0,0,0.0,Hubert Hahne
hubert-hahne,1969,1,0,0,0,0.0,Hubert Hahne
hubert-hahne,1970,1,0,0,0,0.0,Hubert Hahne
huub-rothengatter,1984,8,0,0,0,0.0,Hubertus Rothengatter
huub-rothengatter,1985,8,0,0,0,0.0,Hubertus Rothengatter
huub-rothengatter,1986,14,0,0,0,0.0,Hubertus Rothengatter
ian-ashley,1974,4,0,0,0,0.0,Ian Hugh Gordon Ashley
ian-ashley,1975,1,0,0,0,0.0,Ian Hugh Gordon Ashley
ian-ashley,1976,1,0,0,0,0.0,Ian Hugh Gordon Ashley
ian-ashley,1977,5,0,0,0,0.0,Ian Hugh Gordon Ashley
ian-burgess,1958,2,0,0,0,0.0,Ian Burgess
ian-burgess,1959,4,0,0,0,0.0,Ian Burgess
ian-burgess,1960,4,0,0,0,0.0,Ian Burgess
ian-burgess,1961,5,0,0,0,0.0,Ian Burgess
ian-burgess,1962,3,0,0,0,0.0,Ian Burgess
ian-burgess,1963,2,0,0,0,0.0,Ian Burgess
ian-raby,1963,3,0,0,0,0.0,Ian Ewart Raby
ian-raby,1964,2,0,0,0,0.0,Ian Ewart Raby
ian-raby,1965,2,0,0,0,0.0,Ian Ewart Raby
ian-scheckter,1974,2,0,0,0,0.0,Ian Scheckter
ian-scheckter,1975,3,0,0,0,0.0,Ian Scheckter
ian-scheckter,1976,1,0,0,0,0.0,Ian Scheckter
ian-scheckter,1977,14,0,0,0,0.0,Ian Scheckter
ian-stewart,1953,1,0,0,0,0.0,Ian Macpherson M. Stewart
ignazio-giunti,1970,4,0,0,0,3.0,Ignazio Giunti
ingo-hoffmann,1976,4,0,0,0,0.0,Ingo Hoffmann
ingo-hoffmann,1977,2,0,0,0,0.0,Ingo Hoffmann
innes-ireland,1959,6,0,0,0,5.0,Robert McGregor Innes Ireland
innes-ireland,1960,8,0,3,0,18.0,Robert McGregor Innes Ireland
innes-ireland,1961,7,1,1,0,12.0,Robert McGregor Innes Ireland
innes-ireland,1962,8,0,0,0,2.0,Robert McGregor Innes Ireland
innes-ireland,1963,7,0,0,0,6.0,Robert McGregor Innes Ireland
innes-ireland,1964,8,0,0,0,4.0,Robert McGregor Innes Ireland
innes-ireland,1965,7,0,0,0,0.0,Robert McGregor Innes Ireland
innes-ireland,1966,2,0,0,0,0.0,Robert McGregor Innes Ireland
isack-hadjar,2025,17,0,1,0,38.0,Isack Alexandre Hadjar
ivan-capelli,1985,2,0,0,0,3.0,Ivan Franco Capelli
ivan-capelli,1986,2,0,0,0,0.0,Ivan Franco Capelli
ivan-capelli,1987,16,0,0,0,1.0,Ivan Franco Capelli
ivan-capelli,1988,16,0,2,0,17.0,Ivan Franco Capelli
ivan-capelli,1989,16,0,0,0,0.0,Ivan Franco Capelli
ivan-capelli,1990,16,0,1,0,6.0,Ivan Franco Capelli
ivan-capelli,1991,14,0,0,0,1.0,Ivan Franco Capelli
ivan-capelli,1992,14,0,0,0,3.0,Ivan Franco Capelli
ivan-capelli,1993,2,0,0,0,0.0,Ivan Franco Capelli
ivor-bueb,1957,2,0,0,0,0.0,Ivor Léon John Bueb
ivor-bueb,1958,2,0,0,0,0.0,Ivor Léon John Bueb
ivor-bueb,1959,2,0,0,0,0.0,Ivor Léon John Bueb
jac-nellemann,1976,1,0,0,0,0.0,Jacob Nellemann
jack-aitken,2020,1,0,0,0,0.0,Jack Aitken
jack-brabham,1955,1,0,0,0,0.0,Sir John Arthur Brabham
jack-brabham,1956,1,0,0,0,0.0,Sir John Arthur Brabham
jack-brabham,1957,6,0,0,0,0.0,Sir John Arthur Brabham
jack-brabham,1958,9,0,0,0,3.0,Sir John Arthur Brabham
jack-brabham,1959,8,2,5,0,34.0,Sir John Arthur Brabham
jack-brabham,1960,8,5,5,0,43.0,Sir John Arthur Brabham
jack-brabham,1961,8,0,0,0,4.0,Sir John Arthur Brabham
jack-brabham,1962,8,0,0,0,9.0,Sir John Arthur Brabham
jack-brabham,1963,10,0,1,0,14.0,Sir John Arthur Brabham
jack-brabham,1964,10,0,2,0,11.0,Sir John Arthur Brabham
jack-brabham,1965,7,0,1,0,9.0,Sir John Arthur Brabham
jack-brabham,1966,9,4,5,0,45.0,Sir John Arthur Brabham
jack-brabham,1967,11,2,6,0,48.0,Sir John Arthur Brabham
jack-brabham,1968,12,0,0,0,2.0,Sir John Arthur Brabham
jack-brabham,1969,8,0,2,0,14.0,Sir John Arthur Brabham
jack-brabham,1970,13,1,4,0,25.0,Sir John Arthur Brabham
jack-doohan,2024,1,0,0,0,0.0,Jack Doohan
jack-doohan,2025,6,0,0,0,0.0,Jack Doohan
jack-fairman,1953,2,0,0,0,0.0,Jack Fairman
jack-fairman,1955,1,0,0,0,0.0,Jack Fairman
jack-fairman,1956,2,0,0,0,5.0,Jack Fairman
jack-fairman,1957,1,0,0,0,0.0,Jack Fairman
jack-fairman,1958,2,0,0,0,0.0,Jack Fairman
jack-fairman,1959,2,0,0,0,0.0,Jack Fairman
jack-fairman,1960,1,0,0,0,0.0,Jack Fairman
jack-fairman,1961,2,0,0,0,0.0,Jack Fairman
jack-mcgrath,1950,1,0,0,0,0.0,John James McGrath
jack-mcgrath,1951,1,0,1,0,2.0,John James McGrath
jack-mcgrath,1952,1,0,0,0,0.0,John James McGrath
jack-mcgrath,1953,1,0,0,0,2.0,John James McGrath
jack-mcgrath,1954,1,0,1,0,5.0,John James McGrath
jack-mcgrath,1955,1,0,0,0,0.0,John James McGrath
jack-turner,1956,1,0,0,0,0.0,Jack Turner
jack-turner,1957,1,0,0,0,0.0,Jack Turner
jack-turner,1958,1,0,0,0,0.0,Jack Turner
jack-turner,1959,1,0,0,0,0.0,Jack Turner
jackie-holmes,1950,1,0,0,0,0.0,Jackie Holmes
jackie-holmes,1953,1,0,0,0,0.0,Jackie Holmes
jackie-lewis,1961,5,0,0,0,3.0,Jackie Lewis
jackie-lewis,1962,5,0,0,0,0.0,Jackie Lewis
jackie-oliver,1967,1,0,0,0,0.0,Keith Jack Oliver
jackie-oliver,1968,10,0,1,0,6.0,Keith Jack Oliver
jackie-oliver,1969,10,0,0,0,1.0,Keith Jack Oliver
jackie-oliver,1970,13,0,0,0,2.0,Keith Jack Oliver
jackie-oliver,1971,3,0,0,0,0.0,Keith Jack Oliver
jackie-oliver,1972,1,0,0,0,0.0,Keith Jack Oliver
jackie-oliver,1973,13,0,1,0,4.0,Keith Jack Oliver
jackie-oliver,1977,1,0,0,0,0.0,Keith Jack Oliver
jackie-pretorius,1965,1,0,0,0,0.0,Jacobus Pretorius
jackie-pretorius,1968,1,0,0,0,0.0,Jacobus Pretorius
jackie-pretorius,1971,1,0,0,0,0.0,Jacobus Pretorius
jackie-pretorius,1973,1,0,0,0,0.0,Jacobus Pretorius
jackie-stewart,1965,10,1,5,0,34.0,Sir John Young Stewart
jackie-stewart,1966,8,1,1,0,14.0,Sir John Young Stewart
jackie-stewart,1967,11,0,2,0,10.0,Sir John Young Stewart
jackie-stewart,1968,10,3,4,0,36.0,Sir John Young Stewart
jackie-stewart,1969,11,6,7,0,63.0,Sir John Young Stewart
jackie-stewart,1970,13,1,4,0,25.0,Sir John Young Stewart
jackie-stewart,1971,11,6,7,0,62.0,Sir John Young Stewart
jackie-stewart,1972,11,4,5,0,45.0,Sir John Young Stewart
jackie-stewart,1973,15,5,8,0,71.0,Sir John Young Stewart
jacky-ickx,1966,1,0,0,0,0.0,Jacques Bernard Ickx
jacky-ickx,1967,3,0,0,0,1.0,Jacques Bernard Ickx
jacky-ickx,1968,10,1,4,0,27.0,Jacques Bernard Ickx
jacky-ickx,1969,11,2,5,0,37.0,Jacques Bernard Ickx
jacky-ickx,1970,13,3,5,0,40.0,Jacques Bernard Ickx
jacky-ickx,1971,11,1,3,0,19.0,Jacques Bernard Ickx
jacky-ickx,1972,12,1,4,0,27.0,Jacques Bernard Ickx
jacky-ickx,1973,12,0,1,0,12.0,Jacques Bernard Ickx
jacky-ickx,1974,15,0,2,0,12.0,Jacques Bernard Ickx
jacky-ickx,1975,9,0,1,0,3.0,Jacques Bernard Ickx
jacky-ickx,1976,12,0,0,0,0.0,Jacques Bernard Ickx
jacky-ickx,1977,1,0,0,0,0.0,Jacques Bernard Ickx
jacky-ickx,1978,4,0,0,0,0.0,Jacques Bernard Ickx
jacky-ickx,1979,8,0,0,0,3.0,Jacques Bernard Ickx
jacques-laffite,1974,5,0,0,0,0.0,Jacques-Henri Laffite
jacques-laffite,1975,12,0,1,0,6.0,Jacques-Henri Laffite
jacques-laffite,1976,16,0,3,0,20.0,Jacques-Henri Laffite
jacques-laffite,1977,17,1,2,0,18.0,Jacques-Henri Laffite
jacques-laffite,1978,16,0,2,0,19.0,Jacques-Henri Laffite
jacques-laffite,1979,15,2,6,0,36.0,Jacques-Henri Laffite
jacques-laffite,1980,14,1,5,0,34.0,Jacques-Henri Laffite
jacques-laffite,1981,15,2,7,0,44.0,Jacques-Henri Laffite
jacques-laffite,1982,15,0,1,0,5.0,Jacques-Henri Laffite
jacques-laffite,1983,15,0,0,0,11.0,Jacques-Henri Laffite
jacques-laffite,1984,16,0,0,0,5.0,Jacques-Henri Laffite
jacques-laffite,1985,15,0,3,0,16.0,Jacques-Henri Laffite
jacques-laffite,1986,9,0,2,0,14.0,Jacques-Henri Laffite
jacques-pollet,1954,2,0,0,0,0.0,Jacques Pollet
jacques-pollet,1955,3,0,0,0,0.0,Jacques Pollet
jacques-swaters,1951,2,0,0,0,0.0,Jacques Swaters
jacques-swaters,1953,3,0,0,0,0.0,Jacques Swaters
jacques-swaters,1954,3,0,0,0,0.0,Jacques Swaters
jacques-villeneuve,1996,16,4,11,0,78.0,Jacques Joseph Charles Villeneuve
jacques-villeneuve,1997,17,7,8,0,81.0,Jacques Joseph Charles Villeneuve
jacques-villeneuve,1998,16,0,2,0,21.0,Jacques Joseph Charles Villeneuve
jacques-villeneuve,1999,16,0,0,0,0.0,Jacques Joseph Charles Villeneuve
jacques-villeneuve,2000,17,0,0,0,17.0,Jacques Joseph Charles Villeneuve
jacques-villeneuve,2001,17,0,2,0,12.0,Jacques Joseph Charles Villeneuve
jacques-villeneuve,2002,17,0,0,0,4.0,Jacques Joseph Charles Villeneuve
jacques-villeneuve,2003,15,0,0,0,6.0,Jacques Joseph Charles Villeneuve
jacques-villeneuve,2004,3,0,0,0,0.0,Jacques Joseph Charles Villeneuve
jacques-villeneuve,2005,19,0,0,0,9.0,Jacques Joseph Charles Villeneuve
jacques-villeneuve,2006,12,0,0,0,7.0,Jacques Joseph Charles Villeneuve
jacques-villeneuve-sr,1981,2,0,0,0,0.0,Jacques-Joseph Villeneuve
jacques-villeneuve-sr,1983,1,0,0,0,0.0,Jacques-Joseph Villeneuve
jaime-alguersuari,2009,8,0,0,0,0.0,Jaime Víctor Alguersuari Escudero
jaime-alguersuari,2010,19,0,0,0,5.0,Jaime Víctor Alguersuari Escudero
jaime-alguersuari,2011,19,0,0,0,26.0,Jaime Víctor Alguersuari Escudero
james-hunt,1973,8,0,2,0,14.0,James Simon Wallis Hunt
james-hunt,1974,15,0,3,0,15.0,James Simon Wallis Hunt
james-hunt,1975,14,1,4,0,33.0,James Simon Wallis Hunt
james-hunt,1976,16,6,8,0,69.0,James Simon Wallis Hunt
james-hunt,1977,17,3,5,0,40.0,James Simon Wallis Hunt
james-hunt,1978,16,0,1,0,8.0,James Simon Wallis Hunt
james-hunt,1979,7,0,0,0,0.0,James Simon Wallis Hunt
jan-flinterman,1952,2,0,0,0,0.0,Johannes Leonardus Flinterman
jan-lammers,1979,15,0,0,0,0.0,Johannes Lammers
jan-lammers,1980,14,0,0,0,0.0,Johannes Lammers
jan-lammers,1981,4,0,0,0,0.0,Johannes Lammers
jan-lammers,1982,6,0,0,0,0.0,Johannes Lammers
jan-lammers,1992,2,0,0,0,0.0,Johannes Lammers
jan-magnussen,1995,1,0,0,0,0.0,Jan Ellegaard Magnussen
jan-magnussen,1997,17,0,0,0,0.0,Jan Ellegaard Magnussen
jan-magnussen,1998,7,0,0,0,1.0,Jan Ellegaard Magnussen
jarno-trulli,1997,14,0,0,0,3.0,Jarno Trulli
jarno-trulli,1998,16,0,0,0,1.0,Jarno Trulli
jarno-trulli,1999,16,0,1,0,7.0,Jarno Trulli
jarno-trulli,2000,17,0,0,0,6.0,Jarno Trulli
jarno-trulli,2001,17,0,0,0,12.0,Jarno Trulli
jarno-trulli,2002,17,0,0,0,9.0,Jarno Trulli
jarno-trulli,2003,16,0,1,0,33.0,Jarno Trulli
jarno-trulli,2004,17,1,2,0,46.0,Jarno Trulli
jarno-trulli,2005,19,0,3,0,43.0,Jarno Trulli
jarno-trulli,2006,18,0,0,0,15.0,Jarno Trulli
jarno-trulli,2007,17,0,0,0,8.0,Jarno Trulli
jarno-trulli,2008,18,0,1,0,31.0,Jarno Trulli
jarno-trulli,2009,17,0,3,0,32.5,Jarno Trulli
jarno-trulli,2010,19,0,0,0,0.0,Jarno Trulli
jarno-trulli,2011,18,0,0,0,0.0,Jarno Trulli
jay-chamberlain,1962,3,0,0,0,0.0,Jay Chamberlain
jean-alesi,1989,8,0,0,0,8.0,Giovanni Alesi
jean-alesi,1990,16,0,2,0,13.0,Giovanni Alesi
jean-alesi,1991,16,0,3,0,21.0,Giovanni Alesi
jean-alesi,1992,16,0,2,0,18.0,Giovanni Alesi
jean-alesi,1993,16,0,2,0,16.0,Giovanni Alesi
jean-alesi,1994,14,0,4,0,24.0,Giovanni Alesi
jean-alesi,1995,17,1,5,0,42.0,Giovanni Alesi
jean-alesi,1996,16,0,8,0,47.0,Giovanni Alesi
jean-alesi,1997,17,0,5,0,36.0,Giovanni Alesi
jean-alesi,1998,16,0,1,0,9.0,Giovanni Alesi
jean-alesi,1999,16,0,0,0,2.0,Giovanni Alesi
jean-alesi,2000,17,0,0,0,0.0,Giovanni Alesi
jean-alesi,2001,17,0,0,0,5.0,Giovanni Alesi
jean-behra,1952,6,0,1,0,6.0,Jean Marie Behra
jean-behra,1953,6,0,0,0,0.0,Jean Marie Behra
jean-behra,1954,8,0,0,0,0.14,Jean Marie Behra
jean-behra,1955,10,0,1,0,6.0,Jean Marie Behra
jean-behra,1956,8,0,5,0,22.0,Jean Marie Behra
jean-behra,1957,6,0,1,0,6.0,Jean Marie Behra
jean-behra,1958,10,0,1,0,9.0,Jean Marie Behra
jean-behra,1959,4,0,0,0,2.0,Jean Marie Behra
jean-christophe-boullion,1995,11,0,0,0,3.0,Jean-Christophe Boullion
jean-claude-rudaz,1964,1,0,0,0,0.0,Jean-Claude Rudaz
jean-denis-deletraz,1994,1,0,0,0,0.0,Jean-Denis Délétraz
jean-denis-deletraz,1995,2,0,0,0,0.0,Jean-Denis Délétraz
jean-eric-vergne,2012,20,0,0,0,16.0,Jean-Éric Vergne
jean-eric-vergne,2013,19,0,0,0,13.0,Jean-Éric Vergne
jean-eric-vergne,2014,19,0,0,0,22.0,Jean-Éric Vergne
jean-louis-schlesser,1983,1,0,0,0,0.0,Jean-Louis Schlesser
jean-louis-schlesser,1988,1,0,0,0,0.0,Jean-Louis Schlesser
jean-lucas,1955,1,0,0,0,0.0,Jean Lucas
jean-lucienbonnet,1959,1,0,0,0,0.0,Lucien Jean Bonnet
jean-marc-gounon,1993,2,0,0,0,0.0,Jean-Marc Gounon
jean-marc-gounon,1994,7,0,0,0,0.0,Jean-Marc Gounon
jean-pierre-beltoise,1966,1,0,0,0,0.0,Jean-Pierre Maurice Georges Beltoise
jean-pierre-beltoise,1967,3,0,0,0,0.0,Jean-Pierre Maurice Georges Beltoise
jean-pierre-beltoise,1968,12,0,1,0,11.0,Jean-Pierre Maurice Georges Beltoise
jean-pierre-beltoise,1969,11,0,3,0,21.0,Jean-Pierre Maurice Georges Beltoise
jean-pierre-beltoise,1970,13,0,2,0,16.0,Jean-Pierre Maurice Georges Beltoise
jean-pierre-beltoise,1971,7,0,0,0,1.0,Jean-Pierre Maurice Georges Beltoise
jean-pierre-beltoise,1972,11,1,1,0,9.0,Jean-Pierre Maurice Georges Beltoise
jean-pierre-beltoise,1973,15,0,0,0,9.0,Jean-Pierre Maurice Georges Beltoise
jean-pierre-beltoise,1974,15,0,1,0,10.0,Jean-Pierre Maurice Georges Beltoise
jean-pierre-jabouille,1974,2,0,0,0,0.0,Jean-Pierre Alain Jabouille
jean-pierre-jabouille,1975,1,0,0,0,0.0,Jean-Pierre Alain Jabouille
jean-pierre-jabouille,1977,5,0,0,0,0.0,Jean-Pierre Alain Jabouille
jean-pierre-jabouille,1978,14,0,0,0,3.0,Jean-Pierre Alain Jabouille
jean-pierre-jabouille,1979,15,1,1,0,9.0,Jean-Pierre Alain Jabouille
jean-pierre-jabouille,1980,13,1,1,0,9.0,Jean-Pierre Alain Jabouille
jean-pierre-jabouille,1981,6,0,0,0,0.0,Jean-Pierre Alain Jabouille
jean-pierre-jarier,1971,1,0,0,0,0.0,Jean-Pierre Jacques Jarier
jean-pierre-jarier,1973,10,0,0,0,0.0,Jean-Pierre Jacques Jarier
jean-pierre-jarier,1974,14,0,1,0,6.0,Jean-Pierre Jacques Jarier
jean-pierre-jarier,1975,14,0,0,0,1.5,Jean-Pierre Jacques Jarier
jean-pierre-jarier,1976,16,0,0,0,0.0,Jean-Pierre Jacques Jarier
jean-pierre-jarier,1977,13,0,0,0,1.0,Jean-Pierre Jacques Jarier
jean-pierre-jarier,1978,8,0,0,0,0.0,Jean-Pierre Jacques Jarier
jean-pierre-jarier,1979,13,0,2,0,14.0,Jean-Pierre Jacques Jarier
jean-pierre-jarier,1980,14,0,0,0,6.0,Jean-Pierre Jacques Jarier
jean-pierre-jarier,1981,9,0,0,0,0.0,Jean-Pierre Jacques Jarier
jean-pierre-jarier,1982,16,0,0,0,3.0,Jean-Pierre Jacques Jarier
jean-pierre-jarier,1983,15,0,0,0,0.0,Jean-Pierre Jacques Jarier
jenson-button,2000,17,0,0,0,12.0,Jenson Alexander Lyons Button
jenson-button,2001,17,0,0,0,2.0,Jenson Alexander Lyons Button
jenson-button,2002,17,0,0,0,14.0,Jenson Alexander Lyons Button
jenson-button,2003,16,0,0,0,17.0,Jenson Alexander Lyons Button
jenson-button,2004,18,0,10,0,85.0,Jenson Alexander Lyons Button
jenson-button,2005,17,0,2,0,37.0,Jenson Alexander Lyons Button
jenson-button,2006,18,1,3,0,56.0,Jenson Alexander Lyons Button
jenson-button,2007,17,0,0,0,6.0,Jenson Alexander Lyons Button
jenson-button,2008,18,0,0,0,3.0,Jenson Alexander Lyons Button
jenson-button,2009,17,6,9,0,95.0,Jenson Alexander Lyons Button
jenson-button,2010,19,2,7,0,214.0,Jenson Alexander Lyons Button
jenson-button,2011,19,3,12,0,270.0,Jenson Alexander Lyons Button
jenson-button,2012,20,3,6,0,188.0,Jenson Alexander Lyons Button
jenson-button,2013,19,0,0,0,73.0,Jenson Alexander Lyons Button
jenson-button,2014,19,0,1,0,126.0,Jenson Alexander Lyons Button
jenson-button,2015,19,0,0,0,16.0,Jenson Alexander Lyons Button
jenson-button,2016,21,0,0,0,21.0,Jenson Alexander Lyons Button
jenson-button,2017,1,0,0,0,0.0,Jenson Alexander Lyons Button
jerome-dambrosio,2011,19,0,0,0,0.0,Jérôme d'Ambrosio
jerome-dambrosio,2012,1,0,0,0,0.0,Jérôme d'Ambrosio
jerry-hoyt,1950,1,0,0,0,0.0,Gerald F. Hoyt
jerry-hoyt,1953,1,0,0,0,0.0,Gerald F. Hoyt
jerry-hoyt,1954,2,0,0,0,0.0,Gerald F. Hoyt
jerry-hoyt,1955,1,0,0,0,0.0,Gerald F. Hoyt
jerry-unser-jr,1958,1,0,0,0,0.0,Jeremy Michael Unser Jr.
jesus-iglesias,1955,1,0,0,0,0.0,Jesús Ricardo Iglesias
jim-clark,1960,6,0,1,0,8.0,"James Clark, Jr."
jim-clark,1961,8,0,2,0,11.0,"James Clark, Jr."
jim-clark,1962,9,3,3,0,30.0,"James Clark, Jr."
jim-clark,1963,10,7,9,0,73.0,"James Clark, Jr."
jim-clark,1964,11,3,3,0,32.0,"James Clark, Jr."
jim-clark,1965,9,6,6,0,54.0,"James Clark, Jr."
jim-clark,1966,9,1,2,0,16.0,"James Clark, Jr."
jim-clark,1967,11,4,5,0,41.0,"James Clark, Jr."
jim-clark,1968,1,1,1,0,9.0,"James Clark, Jr."
jim-crawford,1975,2,0,0,0,0.0,Jim Crawford
jim-hall,1960,1,0,0,0,0.0,Jim Hall
jim-hall,1961,1,0,0,0,0.0,Jim Hall
jim-hall,1962,1,0,0,0,0.0,Jim Hall
jim-hall,1963,9,0,0,0,3.0,Jim Hall
jim-hurtubise,1960,1,0,0,0,0.0,James Hurtubise
jim-mcwithey,1959,1,0,0,0,0.0,Jim McWithey
jim-mcwithey,1960,1,0,0,0,0.0,Jim McWithey
jim-rathmann,1950,1,0,0,0,0.0,Royal Richard Rathmann
jim-rathmann,1952,1,0,1,0,6.0,Royal Richard Rathmann
jim-rathmann,1953,2,0,0,0,0.0,Royal Richard Rathmann
jim-rathmann,1954,2,0,0,0,0.0,Royal Richard Rathmann
jim-rathmann,1955,1,0,0,0,0.0,Royal Richard Rathmann
jim-rathmann,1956,1,0,0,0,0.0,Royal Richard Rathmann
jim-rathmann,1957,1,0,1,0,7.0,Royal Richard Rathmann
jim-rathmann,1958,1,0,0,0,2.0,Royal Richard Rathmann
jim-rathmann,1959,1,0,1,0,6.0,Royal Richard Rathmann
jim-rathmann,1960,1,1,1,0,8.0,Royal Richard Rathmann
jim-rigsby,1952,1,0,0,0,0.0,Jim Rigsby
jimmy-bryan,1952,1,0,0,0,0.0,James Ernest Bryan
jimmy-bryan,1953,1,0,0,0,0.0,James Ernest Bryan
jimmy-bryan,1954,1,0,1,0,6.0,James Ernest Bryan
jimmy-bryan,1955,1,0,0,0,0.0,James Ernest Bryan
jimmy-bryan,1956,1,0,0,0,0.0,James Ernest Bryan
jimmy-bryan,1957,1,0,1,0,4.0,James Ernest Bryan
jimmy-bryan,1958,1,1,1,0,8.0,James Ernest Bryan
jimmy-bryan,1959,1,0,0,0,0.0,James Ernest Bryan
jimmy-bryan,1960,1,0,0,0,0.0,James Ernest Bryan
jimmy-davies,1950,1,0,0,0,0.0,James Richard Davies
jimmy-davies,1951,1,0,0,0,0.0,James Richard Davies
jimmy-davies,1953,1,0,0,0,0.0,James Richard Davies
jimmy-davies,1954,2,0,0,0,0.0,James Richard Davies
jimmy-davies,1955,1,0,1,0,4.0,James Richard Davies
jimmy-daywalt,1953,1,0,0,0,0.0,Jimmy Daywalt
jimmy-daywalt,1954,2,0,0,0,0.0,Jimmy Daywalt
jimmy-daywalt,1955,1,0,0,0,0.0,Jimmy Daywalt
jimmy-daywalt,1956,1,0,0,0,0.0,Jimmy Daywalt
jimmy-daywalt,1957,1,0,0,0,0.0,Jimmy Daywalt
jimmy-daywalt,1959,1,0,0,0,0.0,Jimmy Daywalt
jimmy-jackson,1950,1,0,0,0,0.0,Jimmy Jackson
jimmy-jackson,1954,1,0,0,0,0.0,Jimmy Jackson
jimmy-reece,1952,1,0,0,0,0.0,Jimmy Reece
jimmy-reece,1954,1,0,0,0,0.0,Jimmy Reece
jimmy-reece,1955,1,0,0,0,0.0,Jimmy Reece
jimmy-reece,1956,1,0,0,0,0.0,Jimmy Reece
jimmy-reece,1957,1,0,0,0,0.0,Jimmy Reece
jimmy-reece,1958,1,0,0,0,0.0,Jimmy Reece
jimmy-stewart,1953,1,0,0,0,0.0,James Robert Stewart
jj-lehto,1989,4,0,0,0,0.0,Jyrki Juhani Järvilehto
jj-lehto,1990,10,0,0,0,0.0,Jyrki Juhani Järvilehto
jj-lehto,1991,16,0,1,0,4.0,Jyrki Juhani Järvilehto
jj-lehto,1992,16,0,0,0,0.0,Jyrki Juhani Järvilehto
jj-lehto,1993,16,0,0,0,5.0,Jyrki Juhani Järvilehto
jj-lehto,1994,8,0,0,0,1.0,Jyrki Juhani Järvilehto
jo-bonnier,1956,1,0,0,0,0.0,Joakim Bonnier
jo-bonnier,1957,4,0,0,0,0.0,Joakim Bonnier
jo-bonnier,1958,9,0,0,0,3.0,Joakim Bonnier
jo-bonnier,1959,7,1,1,0,10.0,Joakim Bonnier
jo-bonnier,1960,8,0,0,0,4.0,Joakim Bonnier
jo-bonnier,1961,8,0,0,0,3.0,Joakim Bonnier
jo-bonnier,1962,7,0,0,0,3.0,Joakim Bonnier
jo-bonnier,1963,10,0,0,0,6.0,Joakim Bonnier
jo-bonnier,1964,9,0,0,0,3.0,Joakim Bonnier
jo-bonnier,1965,10,0,0,0,0.0,Joakim Bonnier
jo-bonnier,1966,9,0,0,0,1.0,Joakim Bonnier
jo-bonnier,1967,8,0,0,0,3.0,Joakim Bonnier
jo-bonnier,1968,9,0,0,0,3.0,Joakim Bonnier
jo-bonnier,1969,2,0,0,0,0.0,Joakim Bonnier
jo-bonnier,1970,2,0,0,0,0.0,Joakim Bonnier
jo-bonnier,1971,5,0,0,0,0.0,Joakim Bonnier
jo-gartner,1984,8,0,0,0,0.0,Josef Gartner
jo-schlesser,1966,1,0,0,0,0.0,Joseph Schlesser
jo-schlesser,1967,1,0,0,0,0.0,Joseph Schlesser
jo-schlesser,1968,1,0,0,0,0.0,Joseph Schlesser
jo-siffert,1962,5,0,0,0,0.0,Joseph Siffert
jo-siffert,1963,9,0,0,0,1.0,Joseph Siffert
jo-siffert,1964,10,0,1,0,7.0,Joseph Siffert
jo-siffert,1965,10,0,0,0,5.0,Joseph Siffert
jo-siffert,1966,8,0,0,0,3.0,Joseph Siffert
jo-siffert,1967,11,0,0,0,6.0,Joseph Siffert
jo-siffert,1968,12,1,1,0,12.0,Joseph Siffert
jo-siffert,1969,11,0,2,0,15.0,Joseph Siffert
jo-siffert,1970,13,0,0,0,0.0,Joseph Siffert
jo-siffert,1971,11,1,2,0,19.0,Joseph Siffert
jo-vonlanthen,1975,1,0,0,0,0.0,Joseph Vonlanthen
joachim-winkelhock,1989,7,0,0,0,0.0,Joachim Winkelhock
jochen-mass,1973,3,0,0,0,0.0,Jochen Richard Mass
jochen-mass,1974,13,0,0,0,0.0,Jochen Richard Mass
jochen-mass,1975,14,1,4,0,20.0,Jochen Richard Mass
jochen-mass,1976,16,0,2,0,19.0,Jochen Richard Mass
jochen-mass,1977,17,0,2,0,25.0,Jochen Richard Mass
jochen-mass,1978,13,0,0,0,0.0,Jochen Richard Mass
jochen-mass,1979,15,0,0,0,3.0,Jochen Richard Mass
jochen-mass,1980,13,0,0,0,4.0,Jochen Richard Mass
jochen-mass,1982,10,0,0,0,0.0,Jochen Richard Mass
jochen-rindt,1964,1,0,0,0,0.0,Karl Jochen Rindt
jochen-rindt,1965,10,0,0,0,4.0,Karl Jochen Rindt
jochen-rindt,1966,9,0,3,0,24.0,Karl Jochen Rindt
jochen-rindt,1967,10,0,0,0,6.0,Karl Jochen Rindt
jochen-rindt,1968,12,0,2,0,8.0,Karl Jochen Rindt
jochen-rindt,1969,10,1,3,0,22.0,Karl Jochen Rindt
jochen-rindt,1970,10,5,5,0,45.0,Karl Jochen Rindt
jody-scheckter,1972,1,0,0,0,0.0,Jody David Scheckter
jody-scheckter,1973,5,0,0,0,0.0,Jody David Scheckter
jody-scheckter,1974,15,2,6,0,45.0,Jody David Scheckter
jody-scheckter,1975,14,1,3,0,20.0,Jody David Scheckter
jody-scheckter,1976,16,1,5,0,49.0,Jody David Scheckter
jody-scheckter,1977,17,3,9,0,55.0,Jody David Scheckter
jody-scheckter,1978,16,0,4,0,24.0,Jody David Scheckter
jody-scheckter,1979,15,3,6,0,60.0,Jody David Scheckter
jody-scheckter,1980,14,0,0,0,2.0,Jody David Scheckter
joe-fry,1950,1,0,0,0,0.0,Joseph Gibson Fry
joe-james,1951,1,0,0,0,0.0,Joe James
joe-james,1952,1,0,0,0,0.0,Joe James
joe-kelly,1950,1,0,0,0,0.0,Joe Kelly
joe-kelly,1951,1,0,0,0,0.0,Joe Kelly
john-barber,1953,1,0,0,0,0.0,John David Barber
john-campbell-jones,1962,1,0,0,0,0.0,Michael John Churchill Campbell-Jones
john-campbell-jones,1963,1,0,0,0,0.0,Michael John Churchill Campbell-Jones
john-cannon,1971,1,0,0,0,0.0,John Cannon
john-cordts,1969,1,0,0,0,0.0,John Cordts
john-fitch,1953,1,0,0,0,0.0,John Cooper Fitch
john-fitch,1955,1,0,0,0,0.0,John Cooper Fitch
john-james,1951,1,0,0,0,0.0,John James
john-love,1962,1,0,0,0,0.0,John Maxwell Lineham Love
john-love,1963,1,0,0,0,0.0,John Maxwell Lineham Love
john-love,1964,1,0,0,0,0.0,John Maxwell Lineham Love
john-love,1965,1,0,0,0,0.0,John Maxwell Lineham Love
john-love,1967,1,0,1,0,6.0,John Maxwell Lineham Love
john-love,1968,1,0,0,0,0.0,John Maxwell Lineham Love
john-love,1969,1,0,0,0,0.0,John Maxwell Lineham Love
john-love,1970,1,0,0,0,0.0,John Maxwell Lineham Love
john-love,1971,1,0,0,0,0.0,John Maxwell Lineham Love
john-love,1972,1,0,0,0,0.0,John Maxwell Lineham Love
john-miles,1969,5,0,0,0,0.0,John Miles
john-miles,1970,10,0,0,0,2.0,John Miles
john-nicholson,1974,1,0,0,0,0.0,John Nicholson
john-nicholson,1975,1,0,0,0,0.0,John Nicholson
john-rhodes,1965,1,0,0,0,0.0,John Rhodes
john-riseley-prichard,1954,1,0,0,0,0.0,John Henry Augustin Riseley-Prichard
john-surtees,1960,4,0,1,0,6.0,John Surtees
john-surtees,1961,8,0,0,0,4.0,John Surtees
john-surtees,1962,9,0,2,0,19.0,John Surtees
john-surtees,1963,10,1,3,0,22.0,John Surtees
john-surtees,1964,10,2,6,0,40.0,John Surtees
john-surtees,1965,8,0,3,0,17.0,John Surtees
john-surtees,1966,9,2,4,0,28.0,John Surtees
john-surtees,1967,9,1,2,0,20.0,John Surtees
john-surtees,1968,12,0,2,0,12.0,John Surtees
john-surtees,1969,10,0,1,0,6.0,John Surtees
john-surtees,1970,11,0,0,0,3.0,John Surtees
john-surtees,1971,11,0,0,0,3.0,John Surtees
john-surtees,1972,2,0,0,0,0.0,John Surtees
john-taylor,1964,1,0,0,0,0.0,John Malcolm Taylor
john-taylor,1966,4,0,0,0,1.0,John Malcolm Taylor
john-watson,1973,2,0,0,0,0.0,John Marshall Watson
john-watson,1974,15,0,0,0,6.0,John Marshall Watson
john-watson,1975,13,0,0,0,0.0,John Marshall Watson
john-watson,1976,16,1,3,0,20.0,John Marshall Watson
john-watson,1977,17,0,1,0,9.0,John Marshall Watson
john-watson,1978,16,0,3,0,25.0,John Marshall Watson
john-watson,1979,15,0,1,0,15.0,John Marshall Watson
john-watson,1980,14,0,0,0,6.0,John Marshall Watson
john-watson,1981,15,1,4,0,27.0,John Marshall Watson
john-watson,1982,15,2,5,0,39.0,John Marshall Watson
john-watson,1983,15,1,3,0,22.0,John Marshall Watson
john-watson,1985,1,0,0,0,0.0,John Marshall Watson
johnnie-parsons,1950,1,1,1,0,9.0,Johnnie Woodrow Parsons
johnnie-parsons,1951,1,0,0,0,0.0,Johnnie Woodrow Parsons
johnnie-parsons,1952,1,0,0,0,0.0,Johnnie Woodrow Parsons
johnnie-parsons,1953,1,0,0,0,0.0,Johnnie Woodrow Parsons
johnnie-parsons,1954,2,0,0,0,0.0,Johnnie Woodrow Parsons
johnnie-parsons,1955,1,0,0,0,0.0,Johnnie Woodrow Parsons
johnnie-parsons,1956,1,0,0,0,3.0,Johnnie Woodrow Parsons
johnnie-parsons,1957,1,0,0,0,0.0,Johnnie Woodrow Parsons
johnnie-parsons,1958,1,0,0,0,0.0,Johnnie Woodrow Parsons
johnnie-tolan,1956,1,0,0,0,0.0,Johnnie Tolan
johnnie-tolan,1957,1,0,0,0,0.0,Johnnie Tolan
johnnie-tolan,1958,1,0,0,0,0.0,Johnnie Tolan
johnny-boyd,1955,1,0,0,0,0.0,Johnny Boyd
johnny-boyd,1956,1,0,0,0,0.0,Johnny Boyd
johnny-boyd,1957,1,0,0,0,0.0,Johnny Boyd
johnny-boyd,1958,1,0,1,0,4.0,Johnny Boyd
johnny-boyd,1959,1,0,0,0,0.0,Johnny Boyd
johnny-boyd,1960,1,0,0,0,0.0,Johnny Boyd
johnny-cecotto,1983,13,0,0,0,1.0,Alberto Cecotto
johnny-cecotto,1984,10,0,0,0,0.0,Alberto Cecotto
johnny-claes,1950,6,0,0,0,0.0,Octave John Claes
johnny-claes,1951,7,0,0,0,0.0,Octave John Claes
johnny-claes,1952,5,0,0,0,0.0,Octave John Claes
johnny-claes,1953,5,0,0,0,0.0,Octave John Claes
johnny-claes,1955,2,0,0,0,0.0,Octave John Claes
johnny-dumfries,1986,16,0,0,0,3.0,John Colum Crichton-Stuart
johnny-herbert,1989,8,0,0,0,5.0,John Paul Herbert
johnny-herbert,1990,2,0,0,0,0.0,John Paul Herbert
johnny-herbert,1991,8,0,0,0,0.0,John Paul Herbert
johnny-herbert,1992,16,0,0,0,2.0,John Paul Herbert
johnny-herbert,1993,16,0,0,0,11.0,John Paul Herbert
johnny-herbert,1994,16,0,0,0,0.0,John Paul Herbert
johnny-herbert,1995,17,2,4,0,45.0,John Paul Herbert
johnny-herbert,1996,16,0,1,0,4.0,John Paul Herbert
johnny-herbert,1997,17,0,1,0,15.0,John Paul Herbert
johnny-herbert,1998,16,0,0,0,1.0,John Paul Herbert
johnny-herbert,1999,16,1,1,0,15.0,John Paul Herbert
johnny-herbert,2000,17,0,0,0,0.0,John Paul Herbert
johnny-mantz,1953,1,0,0,0,0.0,Johnny Mantz
johnny-mcdowell,1950,1,0,0,0,0.0,Johnny McDowell
johnny-mcdowell,1951,1,0,0,0,0.0,Johnny McDowell
johnny-mcdowell,1952,1,0,0,0,0.0,Johnny McDowell
johnny-servoz-gavin,1967,1,0,0,0,0.0,Georges-Francis Servoz-Gavin
johnny-servoz-gavin,1968,5,0,1,0,6.0,Georges-Francis Servoz-Gavin
johnny-servoz-gavin,1969,4,0,0,0,1.0,Georges-Francis Servoz-Gavin
johnny-servoz-gavin,1970,3,0,0,0,2.0,Georges-Francis Servoz-Gavin
johnny-thomson,1953,2,0,0,0,0.0,Johnny Thomson
johnny-thomson,1954,1,0,0,0,0.0,Johnny Thomson
johnny-thomson,1955,1,0,0,0,3.0,Johnny Thomson
johnny-thomson,1956,1,0,0,0,0.0,Johnny Thomson
johnny-thomson,1957,1,0,0,0,0.0,Johnny Thomson
johnny-thomson,1958,1,0,0,0,0.0,Johnny Thomson
johnny-thomson,1959,1,0,1,0,5.0,Johnny Thomson
johnny-thomson,1960,1,0,0,0,2.0,Johnny Thomson
joie-chitwood,1950,1,0,0,0,1.0,George Rice Chitwood
jolyon-palmer,2016,21,0,0,0,1.0,Jolyon Carlyle Palmer
jolyon-palmer,2017,16,0,0,0,8.0,Jolyon Carlyle Palmer
jonathan-palmer,1983,1,0,0,0,0.0,Jonathan Charles Palmer
jonathan-palmer,1984,15,0,0,0,0.0,Jonathan Charles Palmer
jonathan-palmer,1985,8,0,0,0,0.0,Jonathan Charles Palmer
jonathan-palmer,1986,16,0,0,0,0.0,Jonathan Charles Palmer
jonathan-palmer,1987,16,0,0,0,7.0,Jonathan Charles Palmer
jonathan-palmer,1988,16,0,0,0,5.0,Jonathan Charles Palmer
jonathan-palmer,1989,16,0,0,0,2.0,Jonathan Charles Palmer
jonathan-williams,1967,1,0,0,0,0.0,Jonathan Williams
jorge-daponte,1954,2,0,0,0,0.0,Jorge Alberto Daponte
jos-verstappen,1994,10,0,2,0,10.0,Johannes Franciscus Verstappen
jos-verstappen,1995,5,0,0,0,0.0,Johannes Franciscus Verstappen
jos-verstappen,1996,16,0,0,0,1.0,Johannes Franciscus Verstappen
jos-verstappen,1997,17,0,0,0,0.0,Johannes Franciscus Verstappen
jos-verstappen,1998,9,0,0,0,0.0,Johannes Franciscus Verstappen
jos-verstappen,2000,17,0,0,0,5.0,Johannes Franciscus Verstappen
jos-verstappen,2001,17,0,0,0,1.0,Johannes Franciscus Verstappen
jos-verstappen,2003,16,0,0,0,0.0,Johannes Franciscus Verstappen
jose-dolhem,1974,3,0,0,0,0.0,Louis José Lucien Dolhem
jose-froilan-gonzalez,1950,2,0,0,0,0.0,José Froilán González
jose-froilan-gonzalez,1951,6,1,5,0,27.0,José Froilán González
jose-froilan-gonzalez,1952,1,0,1,0,6.5,José Froilán González
jose-froilan-gonzalez,1953,6,0,3,0,14.5,José Froilán González
jose-froilan-gonzalez,1954,9,1,5,0,26.64,José Froilán González
jose-froilan-gonzalez,1955,1,0,1,0,2.0,José Froilán González
jose-froilan-gonzalez,1956,2,0,0,0,0.0,José Froilán González
jose-froilan-gonzalez,1957,1,0,0,0,1.0,José Froilán González
jose-froilan-gonzalez,1960,1,0,0,0,0.0,José Froilán González
josef-peters,1952,1,0,0,0,0.0,Josef Peters
juan-jover,1951,1,0,0,0,0.0,Juan Jover Sañes
juan-manuel-bordeu,1961,1,0,0,0,0.0,Juan Manuel Bordeu
juan-manuel-fangio,1950,7,3,3,0,27.0,Juan Manuel Fangio Déramo
juan-manuel-fangio,1951,8,3,5,0,37.0,Juan Manuel Fangio Déramo
juan-manuel-fangio,1953,10,1,4,0,29.5,Juan Manuel Fangio Déramo
juan-manuel-fangio,1954,8,6,7,0,57.14,Juan Manuel Fangio Déramo
juan-manuel-fangio,1955,6,4,5,0,41.0,Juan Manuel Fangio Déramo
juan-manuel-fangio,1956,10,3,5,0,33.0,Juan Manuel Fangio Déramo
juan-manuel-fangio,1957,7,4,6,0,46.0,Juan Manuel Fangio Déramo
juan-manuel-fangio,1958,2,0,0,0,7.0,Juan Manuel Fangio Déramo
juan-pablo-montoya,2001,17,1,4,0,31.0,Juan Pablo Montoya Roldán
juan-pablo-montoya,2002,17,0,7,0,50.0,Juan Pablo Montoya Roldán
juan-pablo-montoya,2003,16,2,9,0,82.0,Juan Pablo Montoya Roldán
juan-pablo-montoya,2004,18,1,3,0,58.0,Juan Pablo Montoya Roldán
juan-pablo-montoya,2005,17,3,5,0,60.0,Juan Pablo Montoya Roldán
juan-pablo-montoya,2006,10,0,2,0,26.0,Juan Pablo Montoya Roldán
jud-larson,1958,1,0,0,0,0.0,Eugene Wesley Larson
jud-larson,1959,1,0,0,0,0.0,Eugene Wesley Larson
jules-bianchi,2013,19,0,0,0,0.0,Jules Lucien André Bianchi
jules-bianchi,2014,15,0,0,0,2.0,Jules Lucien André Bianchi
julian-bailey,1988,16,0,0,0,0.0,Julian Bailey
julian-bailey,1991,4,0,0,0,1.0,Julian Bailey
justin-wilson,2003,16,0,0,0,1.0,Justin Boyd Wilson
kamui-kobayashi,2009,2,0,0,0,3.0,Kamui Kobayashi
kamui-kobayashi,2010,19,0,0,0,32.0,Kamui Kobayashi
kamui-kobayashi,2011,19,0,0,0,30.0,Kamui Kobayashi
kamui-kobayashi,2012,20,0,1,0,60.0,Kamui Kobayashi
kamui-kobayashi,2014,16,0,0,0,0.0,Kamui Kobayashi
karl-gunther-bechem,1952,1,0,0,0,0.0,Karl-Günther Bechem
karl-gunther-bechem,1953,1,0,0,0,0.0,Karl-Günther Bechem
karl-kling,1954,6,0,1,0,12.0,Karl Kling
karl-kling,1955,6,0,1,0,5.0,Karl Kling
karl-wendlinger,1991,2,0,0,0,0.0,Karl Wendlinger
karl-wendlinger,1992,14,0,0,0,3.0,Karl Wendlinger
karl-wendlinger,1993,16,0,0,0,7.0,Karl Wendlinger
karl-wendlinger,1994,4,0,0,0,4.0,Karl Wendlinger
karl-wendlinger,1995,6,0,0,0,0.0,Karl Wendlinger
karun-chandhok,2010,10,0,0,0,0.0,Karun Chandhok
karun-chandhok,2011,1,0,0,0,0.0,Karun Chandhok
kazuki-nakajima,2007,1,0,0,0,0.0,Kazuki Nakajima
kazuki-nakajima,2008,18,0,0,0,9.0,Kazuki Nakajima
kazuki-nakajima,2009,17,0,0,0,0.0,Kazuki Nakajima
kazuyoshi-hoshino,1976,1,0,0,0,0.0,Kazuyoshi Hoshino
kazuyoshi-hoshino,1977,1,0,0,0,0.0,Kazuyoshi Hoshino
keith-andrews,1955,1,0,0,0,0.0,Keith Andrews
keith-andrews,1956,1,0,0,0,0.0,Keith Andrews
keith-greene,1959,1,0,0,0,0.0,Keith Greene
keith-greene,1960,1,0,0,0,0.0,Keith Greene
keith-greene,1961,1,0,0,0,0.0,Keith Greene
keith-greene,1962,2,0,0,0,0.0,Keith Greene
keke-rosberg,1978,14,0,0,0,0.0,Keijo Erik Rosberg
keke-rosberg,1979,8,0,0,0,0.0,Keijo Erik Rosberg
keke-rosberg,1980,14,0,1,0,6.0,Keijo Erik Rosberg
keke-rosberg,1981,14,0,0,0,0.0,Keijo Erik Rosberg
keke-rosberg,1982,15,1,6,0,44.0,Keijo Erik Rosberg
keke-rosberg,1983,15,1,2,0,27.0,Keijo Erik Rosberg
keke-rosberg,1984,16,1,2,0,20.5,Keijo Erik Rosberg
keke-rosberg,1985,16,2,5,0,40.0,Keijo Erik Rosberg
keke-rosberg,1986,16,0,1,0,22.0,Keijo Erik Rosberg
ken-downing,1952,2,0,0,0,0.0,Kenneth Henry Downing
ken-kavanagh,1958,2,0,0,0,0.0,Thomas Kenrick Kavanagh
ken-richardson,1951,1,0,0,0,0.0,William Kenneth Richardson
ken-wharton,1952,4,0,0,0,3.0,Ken Wharton
ken-wharton,1953,5,0,0,0,0.0,Ken Wharton
ken-wharton,1954,5,0,0,0,0.0,Ken Wharton
ken-wharton,1955,2,0,0,0,0.0,Ken Wharton
kenneth-mcalpine,1952,2,0,0,0,0.0,Kenneth McAlpine
kenneth-mcalpine,1953,4,0,0,0,0.0,Kenneth McAlpine
kenneth-mcalpine,1955,1,0,0,0,0.0,Kenneth McAlpine
kenny-acheson,1983,7,0,0,0,0.0,Kenneth Henry Acheson
kenny-acheson,1985,3,0,0,0,0.0,Kenneth Henry Acheson
kevin-cogan,1980,1,0,0,0,0.0,John Cogan
kevin-cogan,1981,1,0,0,0,0.0,John Cogan
kevin-magnussen,2014,19,0,1,0,55.0,Kevin Jan Magnussen
kevin-magnussen,2015,1,0,0,0,0.0,Kevin Jan Magnussen
kevin-magnussen,2016,21,0,0,0,7.0,Kevin Jan Magnussen
kevin-magnussen,2017,20,0,0,0,19.0,Kevin Jan Magnussen
kevin-magnussen,2018,21,0,0,0,56.0,Kevin Jan Magnussen
kevin-magnussen,2019,21,0,0,0,20.0,Kevin Jan Magnussen
kevin-magnussen,2020,17,0,0,0,1.0,Kevin Jan Magnussen
kevin-magnussen,2022,22,0,0,0,21.0,Kevin Jan Magnussen
kevin-magnussen,2023,22,0,0,0,3.0,Kevin Jan Magnussen
kevin-magnussen,2024,22,0,0,0,14.0,Kevin Jan Magnussen
kimi-antonelli,2025,17,0,1,0,74.0,Andrea Kimi Antonelli
kimi-raikkonen,2001,17,0,0,0,9.0,Kimi-Matias Räikkönen
kimi-raikkonen,2002,17,0,4,0,24.0,Kimi-Matias Räikkönen
kimi-raikkonen,2003,16,1,10,0,91.0,Kimi-Matias Räikkönen
kimi-raikkonen,2004,18,1,4,0,45.0,Kimi-Matias Räikkönen
kimi-raikkonen,2005,19,7,12,0,112.0,Kimi-Matias Räikkönen
kimi-raikkonen,2006,18,0,6,0,65.0,Kimi-Matias Räikkönen
kimi-raikkonen,2007,17,6,12,0,110.0,Kimi-Matias Räikkönen
kimi-raikkonen,2008,18,2,9,0,75.0,Kimi-Matias Räikkönen
kimi-raikkonen,2009,17,1,5,0,48.0,Kimi-Matias Räikkönen
kimi-raikkonen,2012,20,1,7,0,207.0,Kimi-Matias Räikkönen
kimi-raikkonen,2013,17,1,8,0,183.0,Kimi-Matias Räikkönen
kimi-raikkonen,2014,19,0,0,0,55.0,Kimi-Matias Räikkönen
kimi-raikkonen,2015,19,0,3,0,150.0,Kimi-Matias Räikkönen
kimi-raikkonen,2016,21,0,4,0,186.0,Kimi-Matias Räikkönen
kimi-raikkonen,2017,20,0,7,0,205.0,Kimi-Matias Räikkönen
kimi-raikkonen,2018,21,1,12,0,251.0,Kimi-Matias Räikkönen
kimi-raikkonen,2019,21,0,0,0,43.0,Kimi-Matias Räikkönen
kimi-raikkonen,2020,17,0,0,0,4.0,Kimi-Matias Räikkönen
kimi-raikkonen,2021,20,0,0,0,10.0,Kimi-Matias Räikkönen
kunimitsu-takahashi,1977,1,0,0,0,0.0,Kunimitsu Takahashi
kurt-adolff,1953,1,0,0,0,0.0,Kurt Adolff
kurt-ahrens-jr,1966,1,0,0,0,0.0,Kurt Karl-Heinrich Ahrens
kurt-ahrens-jr,1967,1,0,0,0,0.0,Kurt Karl-Heinrich Ahrens
kurt-ahrens-jr,1968,1,0,0,0,0.0,Kurt Karl-Heinrich Ahrens
kurt-ahrens-jr,1969,1,0,0,0,0.0,Kurt Karl-Heinrich Ahrens
kurt-kuhnke,1963,1,0,0,0,0.0,Kurt Kuhnke
lamberto-leoni,1977,1,0,0,0,0.0,Lamberto Leoni
lamberto-leoni,1978,4,0,0,0,0.0,Lamberto Leoni
lance-macklin,1952,6,0,0,0,0.0,Lance Noel Macklin
lance-macklin,1953,6,0,0,0,0.0,Lance Noel Macklin
lance-macklin,1954,1,0,0,0,0.0,Lance Noel Macklin
lance-macklin,1955,2,0,0,0,0.0,Lance Noel Macklin
lance-reventlow,1960,4,0,0,0,0.0,Lawrence Graf von Haugwitz-Hardenberg-Reventlow
lance-stroll,2017,20,0,1,0,40.0,Lance Stroll
lance-stroll,2018,21,0,0,0,6.0,Lance Stroll
lance-stroll,2019,21,0,0,0,21.0,Lance Stroll
lance-stroll,2020,16,0,2,0,75.0,Lance Stroll
lance-stroll,2021,22,0,0,0,34.0,Lance Stroll
lance-stroll,2022,22,0,0,0,18.0,Lance Stroll
lance-stroll,2023,22,0,0,0,68.0,Lance Stroll
lance-stroll,2024,24,0,0,0,24.0,Lance Stroll
lance-stroll,2025,17,0,0,0,28.0,Lance Stroll
lando-norris,2019,21,0,0,0,49.0,Lando Norris
lando-norris,2020,17,0,1,0,97.0,Lando Norris
lando-norris,2021,22,0,4,0,160.0,Lando Norris
lando-norris,2022,22,0,1,0,116.0,Lando Norris
lando-norris,2023,22,0,7,0,184.0,Lando Norris
lando-norris,2024,24,4,13,0,344.0,Lando Norris
lando-norris,2025,17,5,13,0,284.0,Lando Norris
larry-crockett,1954,1,0,0,0,0.0,Larry Crockett
larry-perkins,1974,1,0,0,0,0.0,Larry Clifton Perkins
larry-perkins,1976,9,0,0,0,0.0,Larry Clifton Perkins
larry-perkins,1977,5,0,0,0,0.0,Larry Clifton Perkins
lee-wallard,1950,1,0,0,0,0.0,Lee Wallard
lee-wallard,1951,1,1,1,0,9.0,Lee Wallard
lella-lombardi,1974,1,0,0,0,0.0,Maria Grazia Lombardi
lella-lombardi,1975,12,0,0,0,0.5,Maria Grazia Lombardi
lella-lombardi,1976,4,0,0,0,0.0,Maria Grazia Lombardi
len-duncan,1954,1,0,0,0,0.0,Len Duncan
len-sutton,1958,1,0,0,0,0.0,Len Sutton
len-sutton,1959,1,0,0,0,0.0,Len Sutton
len-sutton,1960,1,0,0,0,0.0,Len Sutton
leo-kinnunen,1974,6,0,0,0,0.0,Leo Juhani Kinnunen
les-leston,1956,1,0,0,0,0.0,Alfred Lazarus Fingleston
les-leston,1957,2,0,0,0,0.0,Alfred Lazarus Fingleston
leslie-johnson,1950,1,0,0,0,0.0,Leslie George Johnson
leslie-marr,1954,1,0,0,0,0.0,Leslie Marr
leslie-marr,1955,1,0,0,0,0.0,Leslie Marr
leslie-thorne,1954,1,0,0,0,0.0,Leslie Thorne
lewis-hamilton,2007,17,4,12,0,109.0,Lewis Carl Davidson Hamilton
lewis-hamilton,2008,18,5,10,0,98.0,Lewis Carl Davidson Hamilton
lewis-hamilton,2009,17,2,5,0,49.0,Lewis Carl Davidson Hamilton
lewis-hamilton,2010,19,3,9,0,240.0,Lewis Carl Davidson Hamilton
lewis-hamilton,2011,19,3,6,0,227.0,Lewis Carl Davidson Hamilton
lewis-hamilton,2012,20,4,7,0,190.0,Lewis Carl Davidson Hamilton
lewis-hamilton,2013,19,1,5,0,189.0,Lewis Carl Davidson Hamilton
lewis-hamilton,2014,19,11,16,0,384.0,Lewis Carl Davidson Hamilton
lewis-hamilton,2015,19,10,17,0,381.0,Lewis Carl Davidson Hamilton
lewis-hamilton,2016,21,10,17,0,380.0,Lewis Carl Davidson Hamilton
lewis-hamilton,2017,20,9,13,0,363.0,Lewis Carl Davidson Hamilton
lewis-hamilton,2018,21,11,17,0,408.0,Lewis Carl Davidson Hamilton
lewis-hamilton,2019,21,11,17,0,413.0,Lewis Carl Davidson Hamilton
lewis-hamilton,2020,16,11,14,0,347.0,Lewis Carl Davidson Hamilton
lewis-hamilton,2021,22,8,17,0,385.5,Lewis Carl Davidson Hamilton
lewis-hamilton,2022,22,0,9,0,233.0,Lewis Carl Davidson Hamilton
lewis-hamilton,2023,22,0,6,0,217.0,Lewis Carl Davidson Hamilton
lewis-hamilton,2024,24,2,5,0,207.0,Lewis Carl Davidson Hamilton
lewis-hamilton,2025,17,0,0,0,107.0,Lewis Carl Davidson Hamilton
liam-lawson,2023,5,0,0,0,2.0,Liam Lawson
liam-lawson,2024,6,0,0,0,4.0,Liam Lawson
liam-lawson,2025,17,0,0,0,30.0,Liam Lawson
lloyd-ruby,1960,1,0,0,0,0.0,Lloyd Ruby
lloyd-ruby,1961,1,0,0,0,0.0,Lloyd Ruby
logan-sargeant,2023,22,0,0,0,1.0,Logan Hunter Sargeant
logan-sargeant,2024,14,0,0,0,0.0,Logan Hunter Sargeant
lorenzo-bandini,1961,4,0,0,0,0.0,Lorenzo Bandini
lorenzo-bandini,1962,3,0,1,0,4.0,Lorenzo Bandini
lorenzo-bandini,1963,7,0,0,0,6.0,Lorenzo Bandini
lorenzo-bandini,1964,10,1,4,0,23.0,Lorenzo Bandini
lorenzo-bandini,1965,10,0,1,0,13.0,Lorenzo Bandini
lorenzo-bandini,1966,7,0,2,0,12.0,Lorenzo Bandini
lorenzo-bandini,1967,1,0,0,0,0.0,Lorenzo Bandini
loris-kessel,1976,5,0,0,0,0.0,Loris Kessel
loris-kessel,1977,1,0,0,0,0.0,Loris Kessel
louis-chiron,1950,5,0,1,0,4.0,Louis Alexandre Chiron
louis-chiron,1951,7,0,0,0,0.0,Louis Alexandre Chiron
louis-chiron,1953,4,0,0,0,0.0,Louis Alexandre Chiron
louis-chiron,1955,1,0,0,0,0.0,Louis Alexandre Chiron
louis-chiron,1956,1,0,0,0,0.0,Louis Alexandre Chiron
louis-chiron,1958,1,0,0,0,0.0,Louis Alexandre Chiron
louis-rosier,1950,7,0,2,0,13.0,Louis Rosier
louis-rosier,1951,7,0,0,0,3.0,Louis Rosier
louis-rosier,1952,4,0,0,0,0.0,Louis Rosier
louis-rosier,1953,7,0,0,0,0.0,Louis Rosier
louis-rosier,1954,6,0,0,0,0.0,Louis Rosier
louis-rosier,1955,3,0,0,0,0.0,Louis Rosier
louis-rosier,1956,5,0,0,0,2.0,Louis Rosier
luca-badoer,1993,14,0,0,0,0.0,Luca Badoer
luca-badoer,1995,17,0,0,0,0.0,Luca Badoer
luca-badoer,1996,10,0,0,0,0.0,Luca Badoer
luca-badoer,1999,15,0,0,0,0.0,Luca Badoer
luca-badoer,2009,2,0,0,0,0.0,Luca Badoer
lucas-di-grassi,2010,19,0,0,0,0.0,Lucas Tucci di Grassi
luciano-burti,2000,1,0,0,0,0.0,Luciano Pucci Burti
luciano-burti,2001,14,0,0,0,0.0,Luciano Pucci Burti
lucien-bianchi,1959,1,0,0,0,0.0,Luciano Bianchi
lucien-bianchi,1960,3,0,0,0,1.0,Luciano Bianchi
lucien-bianchi,1961,4,0,0,0,0.0,Luciano Bianchi
lucien-bianchi,1962,2,0,0,0,0.0,Luciano Bianchi
lucien-bianchi,1963,1,0,0,0,0.0,Luciano Bianchi
lucien-bianchi,1965,1,0,0,0,0.0,Luciano Bianchi
lucien-bianchi,1968,7,0,1,0,5.0,Luciano Bianchi
ludovico-scarfiotti,1963,2,0,0,0,1.0,Ludovico Scarfiotti
ludovico-scarfiotti,1964,1,0,0,0,0.0,Ludovico Scarfiotti
ludovico-scarfiotti,1965,1,0,0,0,0.0,Ludovico Scarfiotti
ludovico-scarfiotti,1966,2,1,1,0,9.0,Ludovico Scarfiotti
ludovico-scarfiotti,1967,3,0,0,0,1.0,Ludovico Scarfiotti
ludovico-scarfiotti,1968,3,0,0,0,6.0,Ludovico Scarfiotti
ludwig-fischer,1952,1,0,0,0,0.0,Ludwig Fischer
luigi-fagioli,1950,6,0,5,0,28.0,Luigi Cristiano Fagioli
luigi-fagioli,1951,2,1,1,0,4.0,Luigi Cristiano Fagioli
luigi-musso,1953,1,0,0,0,0.0,Luigi Musso
luigi-musso,1954,3,0,1,0,6.0,Luigi Musso
luigi-musso,1955,7,0,1,0,6.0,Luigi Musso
luigi-musso,1956,4,1,1,0,4.0,Luigi Musso
luigi-musso,1957,6,0,2,0,16.0,Luigi Musso
luigi-musso,1958,5,0,2,0,12.0,Luigi Musso
luigi-piotti,1955,1,0,0,0,0.0,Luigi Piotti
luigi-piotti,1956,3,0,0,0,0.0,Luigi Piotti
luigi-piotti,1957,4,0,0,0,0.0,Luigi Piotti
luigi-piotti,1958,1,0,0,0,0.0,Luigi Piotti
luigi-taramazzo,1958,1,0,0,0,0.0,Luigi Taramazzo
luigi-villoresi,1950,3,0,0,0,0.0,Luigi Villoresi
luigi-villoresi,1951,7,0,3,0,18.0,Luigi Villoresi
luigi-villoresi,1952,2,0,2,0,8.0,Luigi Villoresi
luigi-villoresi,1953,9,0,3,0,17.0,Luigi Villoresi
luigi-villoresi,1954,5,0,0,0,2.0,Luigi Villoresi
luigi-villoresi,1955,4,0,0,0,2.0,Luigi Villoresi
luigi-villoresi,1956,5,0,0,0,2.0,Luigi Villoresi
luis-perez-sala,1988,16,0,0,0,0.0,Luis Pérez-Sala Valls-Taberner
luis-perez-sala,1989,16,0,0,0,1.0,Luis Pérez-Sala Valls-Taberner
luiz-bueno,1973,1,0,0,0,0.0,Luiz Pereira Bueno
luki-botha,1967,1,0,0,0,0.0,Lukas Botha
mack-hellings,1950,1,0,0,0,0.0,Ronald Hellings
mack-hellings,1951,1,0,0,0,0.0,Ronald Hellings
manfred-winkelhock,1980,1,0,0,0,0.0,Manfred Winkelhock
manfred-winkelhock,1982,16,0,0,0,2.0,Manfred Winkelhock
manfred-winkelhock,1983,15,0,0,0,0.0,Manfred Winkelhock
manfred-winkelhock,1984,15,0,0,0,0.0,Manfred Winkelhock
manfred-winkelhock,1985,9,0,0,0,0.0,Manfred Winkelhock
manny-ayulo,1951,1,0,1,0,2.0,Manuel Leaonedas Ayulo
manny-ayulo,1952,1,0,0,0,0.0,Manuel Leaonedas Ayulo
manny-ayulo,1953,1,0,0,0,0.0,Manuel Leaonedas Ayulo
manny-ayulo,1954,1,0,0,0,0.0,Manuel Leaonedas Ayulo
marc-gene,1999,16,0,0,0,1.0,Marc Gené i Guerrero
marc-gene,2000,17,0,0,0,0.0,Marc Gené i Guerrero
marc-gene,2003,1,0,0,0,4.0,Marc Gené i Guerrero
marc-gene,2004,2,0,0,0,0.0,Marc Gené i Guerrero
marc-surer,1979,3,0,0,0,0.0,Marc Surer
marc-surer,1980,11,0,0,0,0.0,Marc Surer
marc-surer,1981,14,0,0,0,4.0,Marc Surer
marc-surer,1982,12,0,0,0,3.0,Marc Surer
marc-surer,1983,15,0,0,0,4.0,Marc Surer
marc-surer,1984,16,0,0,0,1.0,Marc Surer
marc-surer,1985,12,0,0,0,5.0,Marc Surer
marc-surer,1986,5,0,0,0,0.0,Marc Surer
marcel-balsa,1952,1,0,0,0,0.0,Marcel Lucien Balsa
marco-apicella,1993,1,0,0,0,0.0,Marco Apicella
marcus-ericsson,2014,16,0,0,0,0.0,Marcus Ericsson
marcus-ericsson,2015,19,0,0,0,9.0,Marcus Ericsson
marcus-ericsson,2016,21,0,0,0,0.0,Marcus Ericsson
marcus-ericsson,2017,20,0,0,0,0.0,Marcus Ericsson
marcus-ericsson,2018,21,0,0,0,9.0,Marcus Ericsson
maria-teresa-de-filippis,1958,4,0,0,0,0.0,Maria Teresa de Filippis
maria-teresa-de-filippis,1959,1,0,0,0,0.0,Maria Teresa de Filippis
mario-andretti,1968,2,0,0,0,0.0,Mario Gabriele Andretti
mario-andretti,1969,3,0,0,0,0.0,Mario Gabriele Andretti
mario-andretti,1970,5,0,1,0,4.0,Mario Gabriele Andretti
mario-andretti,1971,7,1,1,0,12.0,Mario Gabriele Andretti
mario-andretti,1972,5,0,0,0,4.0,Mario Gabriele Andretti
mario-andretti,1974,2,0,0,0,0.0,Mario Gabriele Andretti
mario-andretti,1975,12,0,0,0,5.0,Mario Gabriele Andretti
mario-andretti,1976,15,1,3,0,22.0,Mario Gabriele Andretti
mario-andretti,1977,17,4,5,0,47.0,Mario Gabriele Andretti
mario-andretti,1978,16,6,7,0,64.0,Mario Gabriele Andretti
mario-andretti,1979,15,0,1,0,14.0,Mario Gabriele Andretti
mario-andretti,1980,14,0,0,0,1.0,Mario Gabriele Andretti
mario-andretti,1981,15,0,0,0,3.0,Mario Gabriele Andretti
mario-andretti,1982,3,0,1,0,4.0,Mario Gabriele Andretti
mario-de-araujo-cabral,1959,1,0,0,0,0.0,Mário Veloso de Araújo Cabral
mario-de-araujo-cabral,1960,1,0,0,0,0.0,Mário Veloso de Araújo Cabral
mario-de-araujo-cabral,1963,2,0,0,0,0.0,Mário Veloso de Araújo Cabral
mario-de-araujo-cabral,1964,1,0,0,0,0.0,Mário Veloso de Araújo Cabral
mark-blundell,1991,16,0,0,0,1.0,Mark Blundell
mark-blundell,1993,16,0,2,0,10.0,Mark Blundell
mark-blundell,1994,16,0,1,0,8.0,Mark Blundell
mark-blundell,1995,15,0,0,0,13.0,Mark Blundell
mark-donohue,1971,2,0,1,0,4.0,Mark Neary Donohue Jr.
mark-donohue,1974,2,0,0,0,0.0,Mark Neary Donohue Jr.
mark-donohue,1975,12,0,0,0,4.0,Mark Neary Donohue Jr.
mark-webber,2002,17,0,0,0,2.0,Mark Alan Webber
mark-webber,2003,16,0,0,0,17.0,Mark Alan Webber
mark-webber,2004,18,0,0,0,7.0,Mark Alan Webber
mark-webber,2005,19,0,1,0,36.0,Mark Alan Webber
mark-webber,2006,18,0,0,0,7.0,Mark Alan Webber
mark-webber,2007,17,0,1,0,10.0,Mark Alan Webber
mark-webber,2008,18,0,0,0,21.0,Mark Alan Webber
mark-webber,2009,17,2,8,0,69.5,Mark Alan Webber
mark-webber,2010,19,4,10,0,242.0,Mark Alan Webber
mark-webber,2011,19,1,10,0,258.0,Mark Alan Webber
mark-webber,2012,20,2,4,0,179.0,Mark Alan Webber
mark-webber,2013,19,0,8,0,199.0,Mark Alan Webber
markus-winkelhock,2007,1,0,0,0,0.0,Markus Winkelhock
marshall-teague,1953,1,0,0,0,0.0,Marshall Pleasant Teague
marshall-teague,1954,2,0,0,0,0.0,Marshall Pleasant Teague
marshall-teague,1957,1,0,0,0,0.0,Marshall Pleasant Teague
martin-brundle,1984,9,0,0,0,0.0,Martin John Brundle
martin-brundle,1985,16,0,0,0,0.0,Martin John Brundle
martin-brundle,1986,16,0,0,0,8.0,Martin John Brundle
martin-brundle,1987,16,0,0,0,2.0,Martin John Brundle
martin-brundle,1988,1,0,0,0,0.0,Martin John Brundle
martin-brundle,1989,16,0,0,0,4.0,Martin John Brundle
martin-brundle,1991,16,0,0,0,2.0,Martin John Brundle
martin-brundle,1992,16,0,5,0,38.0,Martin John Brundle
martin-brundle,1993,16,0,1,0,13.0,Martin John Brundle
martin-brundle,1994,16,0,2,0,16.0,Martin John Brundle
martin-brundle,1995,11,0,1,0,7.0,Martin John Brundle
martin-brundle,1996,16,0,0,0,8.0,Martin John Brundle
martin-donnelly,1989,1,0,0,0,0.0,Hugh Peter Martin Donnelly
martin-donnelly,1990,14,0,0,0,0.0,Hugh Peter Martin Donnelly
masahiro-hasemi,1976,1,0,0,0,0.0,Masahiro Hasemi
masami-kuwashima,1976,1,0,0,0,0.0,Masami Kuwashima
massimo-natili,1961,2,0,0,0,0.0,Massimo Natili
masten-gregory,1957,4,0,1,0,10.0,Masten Gregory
masten-gregory,1958,4,0,0,0,0.0,Masten Gregory
masten-gregory,1959,6,0,2,0,10.0,Masten Gregory
masten-gregory,1960,6,0,0,0,0.0,Masten Gregory
masten-gregory,1961,8,0,0,0,0.0,Masten Gregory
masten-gregory,1962,7,0,0,0,1.0,Masten Gregory
masten-gregory,1963,5,0,0,0,0.0,Masten Gregory
masten-gregory,1965,4,0,0,0,0.0,Masten Gregory
mauri-rose,1950,1,0,1,0,4.0,Maurice Rose
mauri-rose,1951,1,0,0,0,0.0,Maurice Rose
maurice-trintignant,1950,2,0,0,0,0.0,Maurice Bienvenu Jean Paul Trintignant
maurice-trintignant,1951,4,0,0,0,0.0,Maurice Bienvenu Jean Paul Trintignant
maurice-trintignant,1952,6,0,0,0,2.0,Maurice Bienvenu Jean Paul Trintignant
maurice-trintignant,1953,8,0,0,0,4.0,Maurice Bienvenu Jean Paul Trintignant
maurice-trintignant,1954,8,0,2,0,17.0,Maurice Bienvenu Jean Paul Trintignant
maurice-trintignant,1955,8,1,3,0,11.33,Maurice Bienvenu Jean Paul Trintignant
maurice-trintignant,1956,5,0,0,0,0.0,Maurice Bienvenu Jean Paul Trintignant
maurice-trintignant,1957,3,0,0,0,5.0,Maurice Bienvenu Jean Paul Trintignant
maurice-trintignant,1958,9,1,2,0,12.0,Maurice Bienvenu Jean Paul Trintignant
maurice-trintignant,1959,8,0,2,0,19.0,Maurice Bienvenu Jean Paul Trintignant
maurice-trintignant,1960,6,0,1,0,0.0,Maurice Bienvenu Jean Paul Trintignant
maurice-trintignant,1961,5,0,0,0,0.0,Maurice Bienvenu Jean Paul Trintignant
maurice-trintignant,1962,6,0,0,0,0.0,Maurice Bienvenu Jean Paul Trintignant
maurice-trintignant,1963,3,0,0,0,0.0,Maurice Bienvenu Jean Paul Trintignant
maurice-trintignant,1964,5,0,0,0,2.0,Maurice Bienvenu Jean Paul Trintignant
mauricio-gugelmin,1988,16,0,0,0,5.0,Maurício Gugelmin
mauricio-gugelmin,1989,16,0,1,0,4.0,Maurício Gugelmin
mauricio-gugelmin,1990,16,0,0,0,1.0,Maurício Gugelmin
mauricio-gugelmin,1991,16,0,0,0,0.0,Maurício Gugelmin
mauricio-gugelmin,1992,16,0,0,0,0.0,Maurício Gugelmin
mauro-baldi,1982,15,0,0,0,2.0,Mauro Baldi
mauro-baldi,1983,15,0,0,0,3.0,Mauro Baldi
mauro-baldi,1984,8,0,0,0,0.0,Mauro Baldi
mauro-baldi,1985,3,0,0,0,0.0,Mauro Baldi
max-chilton,2013,19,0,0,0,0.0,Maximilian Alexander Chilton
max-chilton,2014,16,0,0,0,0.0,Maximilian Alexander Chilton
max-de-terra,1952,1,0,0,0,0.0,Max de Terra
max-de-terra,1953,1,0,0,0,0.0,Max de Terra
max-jean,1971,1,0,0,0,0.0,Max Jean
max-papis,1995,7,0,0,0,0.0,Massimiliano Papis
max-verstappen,2015,19,0,0,0,49.0,Max Emilian Verstappen
max-verstappen,2016,21,1,7,0,204.0,Max Emilian Verstappen
max-verstappen,2017,20,2,4,0,168.0,Max Emilian Verstappen
max-verstappen,2018,21,2,11,0,249.0,Max Emilian Verstappen
max-verstappen,2019,21,3,9,0,278.0,Max Emilian Verstappen
max-verstappen,2020,17,2,11,0,214.0,Max Emilian Verstappen
max-verstappen,2021,22,10,18,0,388.5,Max Emilian Verstappen
max-verstappen,2022,22,15,17,0,433.0,Max Emilian Verstappen
max-verstappen,2023,22,19,21,0,530.0,Max Emilian Verstappen
max-verstappen,2024,24,9,14,0,399.0,Max Emilian Verstappen
max-verstappen,2025,17,4,8,0,241.0,Max Emilian Verstappen
michael-andretti,1993,13,0,1,0,7.0,Michael Mario Andretti
michael-bartels,1991,4,0,0,0,0.0,Michael Bartels
michael-bleekemolen,1977,1,0,0,0,0.0,Michael Bleekemolen
michael-bleekemolen,1978,4,0,0,0,0.0,Michael Bleekemolen
michael-may,1961,3,0,0,0,0.0,Michael May
michael-schumacher,1991,6,0,0,0,4.0,Michael Schumacher
michael-schumacher,1992,16,1,8,0,53.0,Michael Schumacher
michael-schumacher,1993,16,1,9,0,52.0,Michael Schumacher
michael-schumacher,1994,14,8,10,0,92.0,Michael Schumacher
michael-schumacher,1995,17,9,11,0,102.0,Michael Schumacher
michael-schumacher,1996,16,3,8,0,59.0,Michael Schumacher
michael-schumacher,1997,17,5,8,0,78.0,Michael Schumacher
michael-schumacher,1998,16,6,11,0,86.0,Michael Schumacher
michael-schumacher,1999,10,2,6,0,44.0,Michael Schumacher
michael-schumacher,2000,17,9,12,0,108.0,Michael Schumacher
michael-schumacher,2001,17,9,14,0,123.0,Michael Schumacher
michael-schumacher,2002,17,11,17,0,144.0,Michael Schumacher
michael-schumacher,2003,16,6,8,0,93.0,Michael Schumacher
michael-schumacher,2004,18,13,15,0,148.0,Michael Schumacher
michael-schumacher,2005,19,1,5,0,62.0,Michael Schumacher
michael-schumacher,2006,18,7,12,0,121.0,Michael Schumacher
michael-schumacher,2010,19,0,0,0,72.0,Michael Schumacher
michael-schumacher,2011,19,0,0,0,76.0,Michael Schumacher
michael-schumacher,2012,20,0,1,0,49.0,Michael Schumacher
michel-leclere,1975,1,0,0,0,0.0,Michel Leclère
michel-leclere,1976,7,0,0,0,0.0,Michel Leclère
michele-alboreto,1981,12,0,0,0,0.0,Michele Alboreto
michele-alboreto,1982,16,1,2,0,25.0,Michele Alboreto
michele-alboreto,1983,15,1,1,0,10.0,Michele Alboreto
michele-alboreto,1984,16,1,4,0,30.5,Michele Alboreto
michele-alboreto,1985,16,2,8,0,53.0,Michele Alboreto
michele-alboreto,1986,16,0,1,0,14.0,Michele Alboreto
michele-alboreto,1987,16,0,3,0,17.0,Michele Alboreto
michele-alboreto,1988,16,0,3,0,24.0,Michele Alboreto
michele-alboreto,1989,14,0,1,0,6.0,Michele Alboreto
michele-alboreto,1990,16,0,0,0,0.0,Michele Alboreto
michele-alboreto,1991,16,0,0,0,0.0,Michele Alboreto
michele-alboreto,1992,16,0,0,0,6.0,Michele Alboreto
michele-alboreto,1993,14,0,0,0,0.0,Michele Alboreto
michele-alboreto,1994,16,0,0,0,1.0,Michele Alboreto
mick-schumacher,2021,22,0,0,0,0.0,Mick Schumacher
mick-schumacher,2022,22,0,0,0,12.0,Mick Schumacher
miguel-angel-guerra,1981,4,0,0,0,0.0,Miguel Ángel Guerra
mika-hakkinen,1991,16,0,0,0,2.0,Mika Pauli Häkkinen
mika-hakkinen,1992,16,0,0,0,11.0,Mika Pauli Häkkinen
mika-hakkinen,1993,3,0,1,0,4.0,Mika Pauli Häkkinen
mika-hakkinen,1994,15,0,6,0,26.0,Mika Pauli Häkkinen
mika-hakkinen,1995,16,0,2,0,17.0,Mika Pauli Häkkinen
mika-hakkinen,1996,16,0,4,0,31.0,Mika Pauli Häkkinen
mika-hakkinen,1997,17,1,3,0,27.0,Mika Pauli Häkkinen
mika-hakkinen,1998,16,8,11,0,100.0,Mika Pauli Häkkinen
mika-hakkinen,1999,16,5,10,0,76.0,Mika Pauli Häkkinen
mika-hakkinen,2000,17,4,11,0,89.0,Mika Pauli Häkkinen
mika-hakkinen,2001,17,2,3,0,37.0,Mika Pauli Häkkinen
mika-salo,1994,2,0,0,0,0.0,Mika Juhani Salo
mika-salo,1995,17,0,0,0,5.0,Mika Juhani Salo
mika-salo,1996,16,0,0,0,5.0,Mika Juhani Salo
mika-salo,1997,17,0,0,0,2.0,Mika Juhani Salo
mika-salo,1998,16,0,0,0,3.0,Mika Juhani Salo
mika-salo,1999,9,0,2,0,10.0,Mika Juhani Salo
mika-salo,2000,17,0,0,0,6.0,Mika Juhani Salo
mika-salo,2002,17,0,0,0,2.0,Mika Juhani Salo
mike-beuttler,1971,5,0,0,0,0.0,Michael Simon Brindley Bream Beuttler
mike-beuttler,1972,10,0,0,0,0.0,Michael Simon Brindley Bream Beuttler
mike-beuttler,1973,14,0,0,0,0.0,Michael Simon Brindley Bream Beuttler
mike-fisher,1967,2,0,0,0,0.0,Michael J. Fisher
mike-hailwood,1963,2,0,0,0,0.0,Stanley Michael Bailey Hailwood
mike-hailwood,1964,9,0,0,0,1.0,Stanley Michael Bailey Hailwood
mike-hailwood,1965,1,0,0,0,0.0,Stanley Michael Bailey Hailwood
mike-hailwood,1971,2,0,0,0,3.0,Stanley Michael Bailey Hailwood
mike-hailwood,1972,10,0,1,0,13.0,Stanley Michael Bailey Hailwood
mike-hailwood,1973,15,0,0,0,0.0,Stanley Michael Bailey Hailwood
mike-hailwood,1974,11,0,1,0,12.0,Stanley Michael Bailey Hailwood
mike-harris,1962,1,0,0,0,0.0,Mike Harris
mike-hawthorn,1952,5,0,1,0,10.0,John Michael Hawthorn
mike-hawthorn,1953,8,1,3,0,27.0,John Michael Hawthorn
mike-hawthorn,1954,9,1,4,0,24.64,John Michael Hawthorn
mike-hawthorn,1955,5,0,0,0,0.0,John Michael Hawthorn
mike-hawthorn,1956,5,0,1,0,4.0,John Michael Hawthorn
mike-hawthorn,1957,7,0,2,0,13.0,John Michael Hawthorn
mike-hawthorn,1958,10,1,7,0,49.0,John Michael Hawthorn
mike-macdowel,1957,1,0,0,0,0.0,Michael George Hartwell MacDowel
mike-magill,1957,1,0,0,0,0.0,Charles Michael Magill
mike-magill,1958,1,0,0,0,0.0,Charles Michael Magill
mike-magill,1959,1,0,0,0,0.0,Charles Michael Magill
mike-nazaruk,1951,1,0,1,0,6.0,Mike Nazaruk
mike-nazaruk,1953,1,0,0,0,0.0,Mike Nazaruk
mike-nazaruk,1954,1,0,0,0,2.0,Mike Nazaruk
mike-parkes,1959,1,0,0,0,0.0,Michael Johnson Parkes
mike-parkes,1966,4,0,2,0,12.0,Michael Johnson Parkes
mike-parkes,1967,2,0,0,0,2.0,Michael Johnson Parkes
mike-sparken,1955,1,0,0,0,0.0,Michel Poberejsky
mike-spence,1963,1,0,0,0,0.0,Michael Henderson Spence
mike-spence,1964,7,0,0,0,4.0,Michael Henderson Spence
mike-spence,1965,9,0,1,0,10.0,Michael Henderson Spence
mike-spence,1966,9,0,0,0,4.0,Michael Henderson Spence
mike-spence,1967,11,0,0,0,9.0,Michael Henderson Spence
mike-spence,1968,1,0,0,0,0.0,Michael Henderson Spence
mike-taylor,1959,1,0,0,0,0.0,Mike Taylor
mike-taylor,1960,1,0,0,0,0.0,Mike Taylor
mike-thackwell,1980,3,0,0,0,0.0,Mike Thackwell
mike-thackwell,1984,2,0,0,0,0.0,Mike Thackwell
mike-wilds,1974,5,0,0,0,0.0,Mike Wilds
mike-wilds,1975,2,0,0,0,0.0,Mike Wilds
mike-wilds,1976,1,0,0,0,0.0,Mike Wilds
mikko-kozarowitzky,1977,2,0,0,0,0.0,Michael Kozarowitzky
moises-solana,1963,1,0,0,0,0.0,Moisés Solana Arciniega
moises-solana,1964,1,0,0,0,0.0,Moisés Solana Arciniega
moises-solana,1965,2,0,0,0,0.0,Moisés Solana Arciniega
moises-solana,1966,1,0,0,0,0.0,Moisés Solana Arciniega
moises-solana,1967,2,0,0,0,0.0,Moisés Solana Arciniega
moises-solana,1968,1,0,0,0,0.0,Moisés Solana Arciniega
myron-fohr,1950,1,0,0,0,0.0,Myron W. Fohr
nanni-galli,1970,1,0,0,0,0.0,Giovanni Giuseppe Gilberto Galli
nanni-galli,1971,9,0,0,0,0.0,Giovanni Giuseppe Gilberto Galli
nanni-galli,1972,5,0,0,0,0.0,Giovanni Giuseppe Gilberto Galli
nanni-galli,1973,5,0,0,0,0.0,Giovanni Giuseppe Gilberto Galli
naoki-hattori,1991,2,0,0,0,0.0,Naoki Hattori
narain-karthikeyan,2005,19,0,0,0,5.0,Kumar Ram Narain Karthikeyan
narain-karthikeyan,2011,8,0,0,0,0.0,Kumar Ram Narain Karthikeyan
narain-karthikeyan,2012,20,0,0,0,0.0,Kumar Ram Narain Karthikeyan
nasif-estefano,1960,1,0,0,0,0.0,Nasif Moisés Estéfano
nasif-estefano,1962,1,0,0,0,0.0,Nasif Moisés Estéfano
nello-pagani,1950,1,0,0,0,0.0,Cirillo Pagani
nelson-piquet,1978,5,0,0,0,0.0,Nelson Piquet Souto Maior
nelson-piquet,1979,15,0,0,0,3.0,Nelson Piquet Souto Maior
nelson-piquet,1980,14,3,6,0,54.0,Nelson Piquet Souto Maior
nelson-piquet,1981,15,3,7,0,50.0,Nelson Piquet Souto Maior
nelson-piquet,1982,15,1,2,0,20.0,Nelson Piquet Souto Maior
nelson-piquet,1983,15,3,8,0,59.0,Nelson Piquet Souto Maior
nelson-piquet,1984,16,2,4,0,29.0,Nelson Piquet Souto Maior
nelson-piquet,1985,16,1,2,0,21.0,Nelson Piquet Souto Maior
nelson-piquet,1986,16,4,10,0,69.0,Nelson Piquet Souto Maior
nelson-piquet,1987,16,3,11,0,76.0,Nelson Piquet Souto Maior
nelson-piquet,1988,16,0,3,0,22.0,Nelson Piquet Souto Maior
nelson-piquet,1989,16,0,0,0,12.0,Nelson Piquet Souto Maior
nelson-piquet,1990,16,2,4,0,44.0,Nelson Piquet Souto Maior
nelson-piquet,1991,16,1,3,0,26.5,Nelson Piquet Souto Maior
nelson-piquet-jr,2008,18,0,1,0,19.0,Nelson Ângelo Tamsma Piquet Souto Maior
nelson-piquet-jr,2009,10,0,0,0,0.0,Nelson Ângelo Tamsma Piquet Souto Maior
neville-lederle,1962,1,0,0,0,1.0,Neville Lederle
neville-lederle,1965,1,0,0,0,0.0,Neville Lederle
nicholas-latifi,2020,17,0,0,0,0.0,Nicholas Latifi
nicholas-latifi,2021,22,0,0,0,7.0,Nicholas Latifi
nicholas-latifi,2022,22,0,0,0,2.0,Nicholas Latifi
nick-heidfeld,2000,17,0,0,0,0.0,Nick Lars Heidfeld
nick-heidfeld,2001,17,0,1,0,12.0,Nick Lars Heidfeld
nick-heidfeld,2002,17,0,0,0,7.0,Nick Lars Heidfeld
nick-heidfeld,2003,16,0,0,0,6.0,Nick Lars Heidfeld
nick-heidfeld,2004,18,0,0,0,3.0,Nick Lars Heidfeld
nick-heidfeld,2005,14,0,3,0,28.0,Nick Lars Heidfeld
nick-heidfeld,2006,18,0,1,0,23.0,Nick Lars Heidfeld
nick-heidfeld,2007,17,0,2,0,61.0,Nick Lars Heidfeld
nick-heidfeld,2008,18,0,4,0,60.0,Nick Lars Heidfeld
nick-heidfeld,2009,17,0,1,0,19.0,Nick Lars Heidfeld
nick-heidfeld,2010,5,0,0,0,6.0,Nick Lars Heidfeld
nick-heidfeld,2011,11,0,1,0,34.0,Nick Lars Heidfeld
nico-hulkenberg,2010,19,0,0,0,22.0,Nicolas Hülkenberg
nico-hulkenberg,2012,20,0,0,0,63.0,Nicolas Hülkenberg
nico-hulkenberg,2013,19,0,0,0,51.0,Nicolas Hülkenberg
nico-hulkenberg,2014,19,0,0,0,96.0,Nicolas Hülkenberg
nico-hulkenberg,2015,19,0,0,0,58.0,Nicolas Hülkenberg
nico-hulkenberg,2016,21,0,0,0,72.0,Nicolas Hülkenberg
nico-hulkenberg,2017,20,0,0,0,43.0,Nicolas Hülkenberg
nico-hulkenberg,2018,21,0,0,0,69.0,Nicolas Hülkenberg
nico-hulkenberg,2019,21,0,0,0,37.0,Nicolas Hülkenberg
nico-hulkenberg,2020,3,0,0,0,10.0,Nicolas Hülkenberg
nico-hulkenberg,2022,2,0,0,0,0.0,Nicolas Hülkenberg
nico-hulkenberg,2023,22,0,0,0,6.0,Nicolas Hülkenberg
nico-hulkenberg,2024,24,0,0,0,36.0,Nicolas Hülkenberg
nico-hulkenberg,2025,17,0,1,0,37.0,Nicolas Hülkenberg
nico-rosberg,2006,18,0,0,0,4.0,Nico Erik Rosberg
nico-rosberg,2007,17,0,0,0,20.0,Nico Erik Rosberg
nico-rosberg,2008,18,0,2,0,17.0,Nico Erik Rosberg
nico-rosberg,2009,17,0,0,0,34.5,Nico Erik Rosberg
nico-rosberg,2010,19,0,3,0,142.0,Nico Erik Rosberg
nico-rosberg,2011,19,0,0,0,89.0,Nico Erik Rosberg
nico-rosberg,2012,20,1,2,0,93.0,Nico Erik Rosberg
nico-rosberg,2013,19,2,4,0,171.0,Nico Erik Rosberg
nico-rosberg,2014,19,5,15,0,317.0,Nico Erik Rosberg
nico-rosberg,2015,19,6,15,0,322.0,Nico Erik Rosberg
nico-rosberg,2016,21,9,16,0,385.0,Nico Erik Rosberg
nicola-larini,1987,2,0,0,0,0.0,Nicola Larini
nicola-larini,1988,16,0,0,0,0.0,Nicola Larini
nicola-larini,1989,16,0,0,0,0.0,Nicola Larini
nicola-larini,1990,16,0,0,0,0.0,Nicola Larini
nicola-larini,1991,16,0,0,0,0.0,Nicola Larini
nicola-larini,1992,2,0,0,0,0.0,Nicola Larini
nicola-larini,1994,2,0,1,0,6.0,Nicola Larini
nicola-larini,1997,5,0,0,0,1.0,Nicola Larini
nicolas-kiesa,2003,5,0,0,0,0.0,Nicolas Kiesa
nigel-mansell,1980,3,0,0,0,0.0,Nigel Ernest James Mansell
nigel-mansell,1981,14,0,1,0,8.0,Nigel Ernest James Mansell
nigel-mansell,1982,13,0,1,0,7.0,Nigel Ernest James Mansell
nigel-mansell,1983,15,0,1,0,10.0,Nigel Ernest James Mansell
nigel-mansell,1984,16,0,2,0,13.0,Nigel Ernest James Mansell
nigel-mansell,1985,16,2,3,0,31.0,Nigel Ernest James Mansell
nigel-mansell,1986,16,5,9,0,72.0,Nigel Ernest James Mansell
nigel-mansell,1987,15,6,7,0,61.0,Nigel Ernest James Mansell
nigel-mansell,1988,14,0,2,0,12.0,Nigel Ernest James Mansell
nigel-mansell,1989,15,2,6,0,38.0,Nigel Ernest James Mansell
nigel-mansell,1990,16,1,5,0,37.0,Nigel Ernest James Mansell
nigel-mansell,1991,16,5,9,0,72.0,Nigel Ernest James Mansell
nigel-mansell,1992,16,9,12,0,108.0,Nigel Ernest James Mansell
nigel-mansell,1994,4,1,1,0,13.0,Nigel Ernest James Mansell
nigel-mansell,1995,2,0,0,0,0.0,Nigel Ernest James Mansell
niki-lauda,1971,1,0,0,0,0.0,Andreas Nikolaus Lauda
niki-lauda,1972,12,0,0,0,0.0,Andreas Nikolaus Lauda
niki-lauda,1973,15,0,0,0,2.0,Andreas Nikolaus Lauda
niki-lauda,1974,15,2,5,0,38.0,Andreas Nikolaus Lauda
niki-lauda,1975,14,5,8,0,64.5,Andreas Nikolaus Lauda
niki-lauda,1976,14,5,9,0,68.0,Andreas Nikolaus Lauda
niki-lauda,1977,15,3,10,0,72.0,Andreas Nikolaus Lauda
niki-lauda,1978,16,2,7,0,44.0,Andreas Nikolaus Lauda
niki-lauda,1979,13,0,0,0,4.0,Andreas Nikolaus Lauda
niki-lauda,1982,15,2,3,0,30.0,Andreas Nikolaus Lauda
niki-lauda,1983,15,0,2,0,12.0,Andreas Nikolaus Lauda
niki-lauda,1984,16,5,9,0,72.0,Andreas Nikolaus Lauda
niki-lauda,1985,15,1,1,0,14.0,Andreas Nikolaus Lauda
nikita-mazepin,2021,22,0,0,0,0.0,Nikita Dmitryevich Mazepin
nino-farina,1950,6,3,3,0,30.0,Giuseppe Antonio Farina
nino-farina,1951,8,1,4,0,22.0,Giuseppe Antonio Farina
nino-farina,1952,8,0,4,0,27.0,Giuseppe Antonio Farina
nino-farina,1953,8,1,5,0,32.0,Giuseppe Antonio Farina
nino-farina,1954,2,0,1,0,6.0,Giuseppe Antonio Farina
nino-farina,1955,5,0,3,0,10.33,Giuseppe Antonio Farina
nino-vaccarella,1961,1,0,0,0,0.0,Nino Vaccarella
nino-vaccarella,1962,3,0,0,0,0.0,Nino Vaccarella
nino-vaccarella,1965,1,0,0,0,0.0,Nino Vaccarella
norberto-fontana,1997,4,0,0,0,0.0,Norberto Edgardo Fontana
noritake-takahara,1976,1,0,0,0,0.0,Noritake Takahara
noritake-takahara,1977,1,0,0,0,0.0,Noritake Takahara
nyck-de-vries,2022,1,0,0,0,2.0,Nyck de Vries
nyck-de-vries,2023,10,0,0,0,0.0,Nyck de Vries
oliver-bearman,2024,3,0,0,0,7.0,Oliver James Bearman
oliver-bearman,2025,17,0,0,0,14.0,Oliver James Bearman
olivier-beretta,1994,10,0,0,0,0.0,Olivier Beretta
olivier-gendebien,1956,2,0,0,0,2.0,Olivier Gendebien
olivier-gendebien,1958,3,0,0,0,0.0,Olivier Gendebien
olivier-gendebien,1959,2,0,0,0,3.0,Olivier Gendebien
olivier-gendebien,1960,5,0,2,0,10.0,Olivier Gendebien
olivier-gendebien,1961,3,0,0,0,3.0,Olivier Gendebien
olivier-grouillard,1989,16,0,0,0,1.0,Olivier Grouillard
olivier-grouillard,1990,16,0,0,0,0.0,Olivier Grouillard
olivier-grouillard,1991,14,0,0,0,0.0,Olivier Grouillard
olivier-grouillard,1992,16,0,0,0,0.0,Olivier Grouillard
olivier-panis,1994,16,0,1,0,9.0,Olivier Panis
olivier-panis,1995,17,0,1,0,16.0,Olivier Panis
olivier-panis,1996,16,1,1,0,13.0,Olivier Panis
olivier-panis,1997,10,0,2,0,16.0,Olivier Panis
olivier-panis,1998,16,0,0,0,0.0,Olivier Panis
olivier-panis,1999,16,0,0,0,2.0,Olivier Panis
olivier-panis,2001,17,0,0,0,5.0,Olivier Panis
olivier-panis,2002,17,0,0,0,3.0,Olivier Panis
olivier-panis,2003,16,0,0,0,6.0,Olivier Panis
olivier-panis,2004,17,0,0,0,6.0,Olivier Panis
onofre-marimon,1951,1,0,0,0,0.0,Onofre Agustín Marimón
onofre-marimon,1953,6,0,1,0,4.0,Onofre Agustín Marimón
onofre-marimon,1954,5,0,1,0,4.14,Onofre Agustín Marimón
oscar-alfredo-galvez,1953,1,0,0,0,2.0,Oscar Alfredo Gálvez
oscar-gonzalez,1956,1,0,0,0,0.0,Óscar Mario González
oscar-larrauri,1988,16,0,0,0,0.0,Oscar Rubén Larrauri
oscar-larrauri,1989,5,0,0,0,0.0,Oscar Rubén Larrauri
oscar-piastri,2023,22,0,2,0,82.0,Oscar Piastri
oscar-piastri,2024,24,2,8,0,265.0,Oscar Piastri
oscar-piastri,2025,17,7,14,0,303.0,Oscar Piastri
oswald-karch,1953,1,0,0,0,0.0,Oswald Karch
otto-stuppacher,1976,3,0,0,0,0.0,Otto Stuppacher
ottorino-volonterio,1954,1,0,0,0,0.0,Ottorino Volonterio
ottorino-volonterio,1956,1,0,0,0,0.0,Ottorino Volonterio
ottorino-volonterio,1957,1,0,0,0,0.0,Ottorino Volonterio
pablo-birger,1953,1,0,0,0,0.0,Pablo Birger
pablo-birger,1955,1,0,0,0,0.0,Pablo Birger
paco-godia,1951,1,0,0,0,0.0,Francisco Godia Sales
paco-godia,1954,1,0,0,0,0.0,Francisco Godia Sales
paco-godia,1956,5,0,0,0,6.0,Francisco Godia Sales
paco-godia,1957,3,0,0,0,0.0,Francisco Godia Sales
paco-godia,1958,4,0,0,0,0.0,Francisco Godia Sales
paddy-driver,1963,1,0,0,0,0.0,Paddy Driver
paddy-driver,1974,1,0,0,0,0.0,Paddy Driver
paolo-barilla,1989,1,0,0,0,0.0,Paolo Barilla
paolo-barilla,1990,14,0,0,0,0.0,Paolo Barilla
pascal-fabre,1987,14,0,0,0,0.0,Pascal Fabre
pascal-wehrlein,2016,21,0,0,0,1.0,Pascal Wehrlein
pascal-wehrlein,2017,18,0,0,0,5.0,Pascal Wehrlein
pastor-maldonado,2011,19,0,0,0,1.0,Pastor Rafael Maldonado Motta
pastor-maldonado,2012,20,1,1,0,45.0,Pastor Rafael Maldonado Motta
pastor-maldonado,2013,19,0,0,0,1.0,Pastor Rafael Maldonado Motta
pastor-maldonado,2014,19,0,0,0,2.0,Pastor Rafael Maldonado Motta
pastor-maldonado,2015,19,0,0,0,27.0,Pastor Rafael Maldonado Motta
pat-flaherty,1950,1,0,0,0,0.0,"George Francis Flaherty, Jr."
pat-flaherty,1953,1,0,0,0,0.0,"George Francis Flaherty, Jr."
pat-flaherty,1954,1,0,0,0,0.0,"George Francis Flaherty, Jr."
pat-flaherty,1955,1,0,0,0,0.0,"George Francis Flaherty, Jr."
pat-flaherty,1956,1,1,1,0,8.0,"George Francis Flaherty, Jr."
pat-flaherty,1959,1,0,0,0,0.0,"George Francis Flaherty, Jr."
pat-oconnor,1954,1,0,0,0,0.0,Pat O'Connor
pat-oconnor,1955,1,0,0,0,0.0,Pat O'Connor
pat-oconnor,1956,1,0,0,0,0.0,Pat O'Connor
pat-oconnor,1957,1,0,0,0,0.0,Pat O'Connor
pat-oconnor,1958,1,0,0,0,0.0,Pat O'Connor
patrick-depailler,1972,2,0,0,0,0.0,Patrick André Eugène Joseph Depailler
patrick-depailler,1974,15,0,1,0,14.0,Patrick André Eugène Joseph Depailler
patrick-depailler,1975,14,0,1,0,12.0,Patrick André Eugène Joseph Depailler
patrick-depailler,1976,16,0,7,0,39.0,Patrick André Eugène Joseph Depailler
patrick-depailler,1977,17,0,3,0,20.0,Patrick André Eugène Joseph Depailler
patrick-depailler,1978,16,1,5,0,34.0,Patrick André Eugène Joseph Depailler
patrick-depailler,1979,7,1,2,0,22.0,Patrick André Eugène Joseph Depailler
patrick-depailler,1980,8,0,0,0,0.0,Patrick André Eugène Joseph Depailler
patrick-friesacher,2005,11,0,0,0,3.0,Patrick Friesacher
patrick-gaillard,1979,5,0,0,0,0.0,Patrick Gaillard
patrick-neve,1976,2,0,0,0,0.0,Patrick Marie Ghislain Pierre Simon Stanislas Nève de Mévergnies
patrick-neve,1977,11,0,0,0,0.0,Patrick Marie Ghislain Pierre Simon Stanislas Nève de Mévergnies
patrick-neve,1978,1,0,0,0,0.0,Patrick Marie Ghislain Pierre Simon Stanislas Nève de Mévergnies
patrick-tambay,1977,9,0,0,0,5.0,Patrick Daniel Tambay
patrick-tambay,1978,15,0,0,0,8.0,Patrick Daniel Tambay
patrick-tambay,1979,15,0,0,0,0.0,Patrick Daniel Tambay
patrick-tambay,1981,15,0,0,0,1.0,Patrick Daniel Tambay
patrick-tambay,1982,8,1,3,0,25.0,Patrick Daniel Tambay
patrick-tambay,1983,15,1,5,0,40.0,Patrick Daniel Tambay
patrick-tambay,1984,16,0,1,0,11.0,Patrick Daniel Tambay
patrick-tambay,1985,15,0,2,0,11.0,Patrick Daniel Tambay
patrick-tambay,1986,15,0,0,0,2.0,Patrick Daniel Tambay
paul-belmondo,1992,11,0,0,0,0.0,Paul Alexandre Belmondo
paul-belmondo,1994,16,0,0,0,0.0,Paul Alexandre Belmondo
paul-di-resta,2011,19,0,0,0,27.0,Paul di Resta
paul-di-resta,2012,20,0,0,0,46.0,Paul di Resta
paul-di-resta,2013,19,0,0,0,48.0,Paul di Resta
paul-di-resta,2017,1,0,0,0,0.0,Paul di Resta
paul-emery,1956,1,0,0,0,0.0,Paul Emery
paul-emery,1958,1,0,0,0,0.0,Paul Emery
paul-england,1957,1,0,0,0,0.0,Paul England
paul-frere,1952,3,0,0,0,2.0,Paul Frère
paul-frere,1953,2,0,0,0,0.0,Paul Frère
paul-frere,1954,3,0,0,0,0.0,Paul Frère
paul-frere,1955,2,0,0,0,3.0,Paul Frère
paul-frere,1956,1,0,1,0,6.0,Paul Frère
paul-goldsmith,1958,1,0,0,0,0.0,Paul Goldsmith
paul-goldsmith,1959,1,0,0,0,2.0,Paul Goldsmith
paul-goldsmith,1960,1,0,1,0,4.0,Paul Goldsmith
paul-hawkins,1965,3,0,0,0,0.0,Robert Paul Hawkins
paul-pietsch,1950,1,0,0,0,0.0,Paul Pietsch
paul-pietsch,1951,1,0,0,0,0.0,Paul Pietsch
paul-pietsch,1952,1,0,0,0,0.0,Paul Pietsch
paul-russo,1950,1,0,0,0,0.0,Paul Russo
paul-russo,1953,2,0,0,0,1.5,Paul Russo
paul-russo,1954,1,0,0,0,0.0,Paul Russo
paul-russo,1955,1,0,1,0,3.0,Paul Russo
paul-russo,1956,1,0,0,0,1.0,Paul Russo
paul-russo,1957,1,0,0,0,3.0,Paul Russo
paul-russo,1958,1,0,0,0,0.0,Paul Russo
paul-russo,1959,1,0,0,0,0.0,Paul Russo
pedro-chaves,1991,13,0,0,0,0.0,Pedro António Matos Chaves
pedro-de-la-rosa,1999,16,0,0,0,1.0,Pedro Martínez de la Rosa
pedro-de-la-rosa,2000,17,0,0,0,2.0,Pedro Martínez de la Rosa
pedro-de-la-rosa,2001,13,0,0,0,3.0,Pedro Martínez de la Rosa
pedro-de-la-rosa,2002,17,0,0,0,0.0,Pedro Martínez de la Rosa
pedro-de-la-rosa,2005,1,0,0,0,4.0,Pedro Martínez de la Rosa
pedro-de-la-rosa,2006,8,0,1,0,19.0,Pedro Martínez de la Rosa
pedro-de-la-rosa,2010,14,0,0,0,6.0,Pedro Martínez de la Rosa
pedro-de-la-rosa,2011,1,0,0,0,0.0,Pedro Martínez de la Rosa
pedro-de-la-rosa,2012,20,0,0,0,0.0,Pedro Martínez de la Rosa
pedro-diniz,1995,17,0,0,0,0.0,Pedro Paulo Falleiros dos Santos Diniz
pedro-diniz,1996,16,0,0,0,2.0,Pedro Paulo Falleiros dos Santos Diniz
pedro-diniz,1997,17,0,0,0,2.0,Pedro Paulo Falleiros dos Santos Diniz
pedro-diniz,1998,16,0,0,0,3.0,Pedro Paulo Falleiros dos Santos Diniz
pedro-diniz,1999,16,0,0,0,3.0,Pedro Paulo Falleiros dos Santos Diniz
pedro-diniz,2000,17,0,0,0,0.0,Pedro Paulo Falleiros dos Santos Diniz
pedro-lamy,1993,4,0,0,0,0.0,José Pedro Mourão Lamy Viçoso
pedro-lamy,1994,4,0,0,0,0.0,José Pedro Mourão Lamy Viçoso
pedro-lamy,1995,8,0,0,0,1.0,José Pedro Mourão Lamy Viçoso
pedro-lamy,1996,16,0,0,0,0.0,José Pedro Mourão Lamy Viçoso
pedro-rodriguez,1963,2,0,0,0,0.0,Pedro Rodríguez de la Vega
pedro-rodriguez,1964,1,0,0,0,1.0,Pedro Rodríguez de la Vega
pedro-rodriguez,1965,2,0,0,0,2.0,Pedro Rodríguez de la Vega
pedro-rodriguez,1966,4,0,0,0,0.0,Pedro Rodríguez de la Vega
pedro-rodriguez,1967,8,1,1,0,15.0,Pedro Rodríguez de la Vega
pedro-rodriguez,1968,12,0,3,0,18.0,Pedro Rodríguez de la Vega
pedro-rodriguez,1969,8,0,0,0,3.0,Pedro Rodríguez de la Vega
pedro-rodriguez,1970,13,1,2,0,23.0,Pedro Rodríguez de la Vega
pedro-rodriguez,1971,5,0,1,0,9.0,Pedro Rodríguez de la Vega
perry-mccarthy,1992,7,0,0,0,0.0,Perry McCarthy
pete-lovely,1959,1,0,0,0,0.0,Gerard Carlton Lovely
pete-lovely,1960,1,0,0,0,0.0,Gerard Carlton Lovely
pete-lovely,1969,3,0,0,0,0.0,Gerard Carlton Lovely
pete-lovely,1970,4,0,0,0,0.0,Gerard Carlton Lovely
pete-lovely,1971,2,0,0,0,0.0,Gerard Carlton Lovely
peter-arundell,1963,1,0,0,0,0.0,Peter Arundell
peter-arundell,1964,4,0,2,0,11.0,Peter Arundell
peter-arundell,1966,8,0,0,0,1.0,Peter Arundell
peter-ashdown,1959,1,0,0,0,0.0,Peter Hawthorn Ashdown
peter-broeker,1963,1,0,0,0,0.0,Peter Broeker
peter-collins,1952,6,0,0,0,0.0,Peter John Collins
peter-collins,1953,4,0,0,0,0.0,Peter John Collins
peter-collins,1954,3,0,0,0,0.0,Peter John Collins
peter-collins,1955,2,0,0,0,0.0,Peter John Collins
peter-collins,1956,9,2,5,0,25.0,Peter John Collins
peter-collins,1957,8,0,2,0,8.0,Peter John Collins
peter-collins,1958,7,1,2,0,14.0,Peter John Collins
peter-de-klerk,1963,1,0,0,0,0.0,Peter de Klerk
peter-de-klerk,1965,1,0,0,0,0.0,Peter de Klerk
peter-de-klerk,1969,1,0,0,0,0.0,Peter de Klerk
peter-de-klerk,1970,1,0,0,0,0.0,Peter de Klerk
peter-gethin,1970,7,0,0,0,1.0,Peter Kenneth Gethin
peter-gethin,1971,11,1,1,0,9.0,Peter Kenneth Gethin
peter-gethin,1972,11,0,0,0,1.0,Peter Kenneth Gethin
peter-gethin,1973,1,0,0,0,0.0,Peter Kenneth Gethin
peter-gethin,1974,1,0,0,0,0.0,Peter Kenneth Gethin
peter-hirt,1951,1,0,0,0,0.0,Peter Hirt
peter-hirt,1952,3,0,0,0,0.0,Peter Hirt
peter-hirt,1953,1,0,0,0,0.0,Peter Hirt
peter-revson,1964,6,0,0,0,0.0,Peter Jeffrey Revson
peter-revson,1971,1,0,0,0,0.0,Peter Jeffrey Revson
peter-revson,1972,9,0,4,0,23.0,Peter Jeffrey Revson
peter-revson,1973,14,2,4,0,38.0,Peter Jeffrey Revson
peter-revson,1974,2,0,0,0,0.0,Peter Jeffrey Revson
peter-ryan,1961,1,0,0,0,0.0,Peter B. Ryan
peter-walker,1950,1,0,0,0,0.0,Peter Douglas Conyers Walker
peter-walker,1951,1,0,0,0,0.0,Peter Douglas Conyers Walker
peter-walker,1955,2,0,0,0,0.0,Peter Douglas Conyers Walker
peter-westbury,1969,1,0,0,0,0.0,Peter Westbury
peter-westbury,1970,1,0,0,0,0.0,Peter Westbury
peter-whitehead,1950,3,0,1,0,4.0,Peter Nield Whitehead
peter-whitehead,1951,4,0,0,0,0.0,Peter Nield Whitehead
peter-whitehead,1952,3,0,0,0,0.0,Peter Nield Whitehead
peter-whitehead,1953,1,0,0,0,0.0,Peter Nield Whitehead
peter-whitehead,1954,1,0,0,0,0.0,Peter Nield Whitehead
phil-cade,1959,1,0,0,0,0.0,Phil Cade
phil-hill,1958,4,0,2,0,9.0,"Philip Toll Hill, Jr."
phil-hill,1959,7,0,3,0,20.0,"Philip Toll Hill, Jr."
phil-hill,1960,9,1,2,0,16.0,"Philip Toll Hill, Jr."
phil-hill,1961,7,2,6,0,38.0,"Philip Toll Hill, Jr."
phil-hill,1962,7,0,3,0,14.0,"Philip Toll Hill, Jr."
phil-hill,1963,6,0,0,0,0.0,"Philip Toll Hill, Jr."
phil-hill,1964,9,0,0,0,1.0,"Philip Toll Hill, Jr."
phil-hill,1966,3,0,0,0,0.0,"Philip Toll Hill, Jr."
philip-fotheringham-parker,1951,1,0,0,0,0.0,Philip Fotheringham-Parker
philippe-adams,1994,2,0,0,0,0.0,Philippe Adams
philippe-alliot,1984,16,0,0,0,0.0,Philippe Alliot
philippe-alliot,1985,14,0,0,0,0.0,Philippe Alliot
philippe-alliot,1986,7,0,0,0,1.0,Philippe Alliot
philippe-alliot,1987,15,0,0,0,3.0,Philippe Alliot
philippe-alliot,1988,16,0,0,0,0.0,Philippe Alliot
philippe-alliot,1989,16,0,0,0,1.0,Philippe Alliot
philippe-alliot,1990,16,0,0,0,0.0,Philippe Alliot
philippe-alliot,1993,14,0,0,0,2.0,Philippe Alliot
philippe-alliot,1994,2,0,0,0,0.0,Philippe Alliot
philippe-etancelin,1950,6,0,0,0,3.0,Philippe Étancelin
philippe-etancelin,1951,5,0,0,0,0.0,Philippe Étancelin
philippe-etancelin,1952,1,0,0,0,0.0,Philippe Étancelin
philippe-streiff,1984,1,0,0,0,0.0,Philippe Streiff
philippe-streiff,1985,5,0,1,0,4.0,Philippe Streiff
philippe-streiff,1986,16,0,0,0,3.0,Philippe Streiff
philippe-streiff,1987,16,0,0,0,4.0,Philippe Streiff
philippe-streiff,1988,16,0,0,0,0.0,Philippe Streiff
piercarlo-ghinzani,1981,2,0,0,0,0.0,Piercarlo Ghinzani
piercarlo-ghinzani,1983,15,0,0,0,0.0,Piercarlo Ghinzani
piercarlo-ghinzani,1984,16,0,0,0,2.0,Piercarlo Ghinzani
piercarlo-ghinzani,1985,15,0,0,0,0.0,Piercarlo Ghinzani
piercarlo-ghinzani,1986,16,0,0,0,0.0,Piercarlo Ghinzani
piercarlo-ghinzani,1987,15,0,0,0,0.0,Piercarlo Ghinzani
piercarlo-ghinzani,1988,16,0,0,0,0.0,Piercarlo Ghinzani
piercarlo-ghinzani,1989,16,0,0,0,0.0,Piercarlo Ghinzani
pierluigi-martini,1984,1,0,0,0,0.0,Pierluigi Martini
pierluigi-martini,1985,16,0,0,0,0.0,Pierluigi Martini
pierluigi-martini,1988,11,0,0,0,1.0,Pierluigi Martini
pierluigi-martini,1989,15,0,0,0,5.0,Pierluigi Martini
pierluigi-martini,1990,16,0,0,0,0.0,Pierluigi Martini
pierluigi-martini,1991,16,0,0,0,6.0,Pierluigi Martini
pierluigi-martini,1992,16,0,0,0,2.0,Pierluigi Martini
pierluigi-martini,1993,8,0,0,0,0.0,Pierluigi Martini
pierluigi-martini,1994,16,0,0,0,4.0,Pierluigi Martini
pierluigi-martini,1995,9,0,0,0,0.0,Pierluigi Martini
piero-carini,1952,2,0,0,0,0.0,Piero Carini
piero-carini,1953,1,0,0,0,0.0,Piero Carini
piero-drogo,1960,1,0,0,0,0.0,Piero Drogo
piero-dusio,1952,1,0,0,0,0.0,Piero Dusio
piero-scotti,1956,1,0,0,0,0.0,Piero Scotti
piero-taruffi,1950,1,0,0,0,0.0,Piero Taruffi
piero-taruffi,1951,5,0,1,0,10.0,Piero Taruffi
piero-taruffi,1952,6,1,3,0,22.0,Piero Taruffi
piero-taruffi,1954,1,0,0,0,0.0,Piero Taruffi
piero-taruffi,1955,4,0,1,0,9.0,Piero Taruffi
piero-taruffi,1956,2,0,0,0,0.0,Piero Taruffi
pierre-gasly,2017,5,0,0,0,0.0,Pierre Gasly
pierre-gasly,2018,21,0,0,0,29.0,Pierre Gasly
pierre-gasly,2019,21,0,1,0,95.0,Pierre Gasly
pierre-gasly,2020,17,1,1,0,75.0,Pierre Gasly
pierre-gasly,2021,22,0,1,0,110.0,Pierre Gasly
pierre-gasly,2022,22,0,0,0,23.0,Pierre Gasly
pierre-gasly,2023,22,0,1,0,54.0,Pierre Gasly
pierre-gasly,2024,24,0,1,0,40.0,Pierre Gasly
pierre-gasly,2025,17,0,0,0,19.0,Pierre Gasly
pierre-henri-raphanel,1988,1,0,0,0,0.0,Pierre-Henri Raphanel
pierre-henri-raphanel,1989,16,0,0,0,0.0,Pierre-Henri Raphanel
pierre-levegh,1950,3,0,0,0,0.0,Pierre Eugène Alfred Bouillin
pierre-levegh,1951,3,0,0,0,0.0,Pierre Eugène Alfred Bouillin
piers-courage,1966,1,0,0,0,0.0,Piers Raymond Courage
piers-courage,1967,3,0,0,0,0.0,Piers Raymond Courage
piers-courage,1968,11,0,0,0,4.0,Piers Raymond Courage
piers-courage,1969,10,0,2,0,16.0,Piers Raymond Courage
piers-courage,1970,5,0,0,0,0.0,Piers Raymond Courage
pietro-fittipaldi,2020,2,0,0,0,0.0,Pietro Fittipaldi da Cruz
ralf-schumacher,1997,17,0,1,0,13.0,Ralf Schumacher
ralf-schumacher,1998,16,0,2,0,14.0,Ralf Schumacher
ralf-schumacher,1999,16,0,3,0,35.0,Ralf Schumacher
ralf-schumacher,2000,17,0,3,0,24.0,Ralf Schumacher
ralf-schumacher,2001,17,3,5,0,49.0,Ralf Schumacher
ralf-schumacher,2002,17,1,6,0,42.0,Ralf Schumacher
ralf-schumacher,2003,15,2,3,0,58.0,Ralf Schumacher
ralf-schumacher,2004,12,0,1,0,24.0,Ralf Schumacher
ralf-schumacher,2005,18,0,2,0,45.0,Ralf Schumacher
ralf-schumacher,2006,18,0,1,0,20.0,Ralf Schumacher
ralf-schumacher,2007,17,0,0,0,5.0,Ralf Schumacher
ralph-firman,2003,14,0,0,0,1.0,Ralph David Firman Jr.
raul-boesel,1982,15,0,0,0,0.0,Raul de Mesquita Boesel
raul-boesel,1983,15,0,0,0,0.0,Raul de Mesquita Boesel
ray-crawford,1955,1,0,0,0,0.0,Ray Crawford
ray-crawford,1956,1,0,0,0,0.0,Ray Crawford
ray-crawford,1959,1,0,0,0,0.0,Ray Crawford
raymond-sommer,1950,5,0,0,0,3.0,Raymond Sommer
red-amick,1959,1,0,0,0,0.0,Richard Amick
red-amick,1960,1,0,0,0,0.0,Richard Amick
reg-parnell,1950,2,0,1,0,4.0,Reginald Parnell
reg-parnell,1951,3,0,0,0,5.0,Reginald Parnell
reg-parnell,1952,1,0,0,0,0.0,Reginald Parnell
reg-parnell,1954,1,0,0,0,0.0,Reginald Parnell
reine-wisell,1970,2,0,1,0,4.0,Reine Wisell
reine-wisell,1971,10,0,0,0,9.0,Reine Wisell
reine-wisell,1972,8,0,0,0,0.0,Reine Wisell
reine-wisell,1973,2,0,0,0,0.0,Reine Wisell
reine-wisell,1974,1,0,0,0,0.0,Reine Wisell
renato-pirocchi,1961,1,0,0,0,0.0,Renato Pirocchi
rene-arnoux,1978,9,0,0,0,0.0,René Alexandre Arnoux
rene-arnoux,1979,15,0,3,0,17.0,René Alexandre Arnoux
rene-arnoux,1980,14,2,3,0,29.0,René Alexandre Arnoux
rene-arnoux,1981,15,0,1,0,11.0,René Alexandre Arnoux
rene-arnoux,1982,16,2,4,0,28.0,René Alexandre Arnoux
rene-arnoux,1983,15,3,7,0,49.0,René Alexandre Arnoux
rene-arnoux,1984,16,0,4,0,27.0,René Alexandre Arnoux
rene-arnoux,1985,1,0,0,0,3.0,René Alexandre Arnoux
rene-arnoux,1986,16,0,0,0,14.0,René Alexandre Arnoux
rene-arnoux,1987,15,0,0,0,1.0,René Alexandre Arnoux
rene-arnoux,1988,16,0,0,0,0.0,René Alexandre Arnoux
rene-arnoux,1989,16,0,0,0,2.0,René Alexandre Arnoux
renzo-zorzi,1975,1,0,0,0,0.0,Renzo Zorzi
renzo-zorzi,1976,1,0,0,0,0.0,Renzo Zorzi
renzo-zorzi,1977,5,0,0,0,1.0,Renzo Zorzi
ricardo-londono,1981,1,0,0,0,0.0,Ricardo Londoño-Bridge
ricardo-rodriguez,1961,1,0,0,0,0.0,Ricardo Valentín Rodríguez de la Vega
ricardo-rodriguez,1962,5,0,0,0,4.0,Ricardo Valentín Rodríguez de la Vega
ricardo-rosset,1996,16,0,0,0,0.0,Ricardo Rosset
ricardo-rosset,1997,1,0,0,0,0.0,Ricardo Rosset
ricardo-rosset,1998,16,0,0,0,0.0,Ricardo Rosset
ricardo-zonta,1999,13,0,0,0,0.0,Ricardo Luiz Zonta
ricardo-zonta,2000,17,0,0,0,3.0,Ricardo Luiz Zonta
ricardo-zonta,2001,2,0,0,0,0.0,Ricardo Luiz Zonta
ricardo-zonta,2004,5,0,0,0,0.0,Ricardo Luiz Zonta
ricardo-zonta,2005,1,0,0,0,0.0,Ricardo Luiz Zonta
ricardo-zunino,1979,2,0,0,0,0.0,Ricardo Héctor Zunino
ricardo-zunino,1980,7,0,0,0,0.0,Ricardo Héctor Zunino
ricardo-zunino,1981,2,0,0,0,0.0,Ricardo Héctor Zunino
riccardo-paletti,1982,8,0,0,0,0.0,Riccardo Paletti
riccardo-patrese,1977,9,0,0,0,1.0,Riccardo Gabriele Patrese
riccardo-patrese,1978,14,0,1,0,11.0,Riccardo Gabriele Patrese
riccardo-patrese,1979,15,0,0,0,2.0,Riccardo Gabriele Patrese
riccardo-patrese,1980,14,0,1,0,7.0,Riccardo Gabriele Patrese
riccardo-patrese,1981,15,0,2,0,10.0,Riccardo Gabriele Patrese
riccardo-patrese,1982,15,1,3,0,21.0,Riccardo Gabriele Patrese
riccardo-patrese,1983,15,1,2,0,13.0,Riccardo Gabriele Patrese
riccardo-patrese,1984,16,0,1,0,8.0,Riccardo Gabriele Patrese
riccardo-patrese,1985,16,0,0,0,0.0,Riccardo Gabriele Patrese
riccardo-patrese,1986,16,0,0,0,2.0,Riccardo Gabriele Patrese
riccardo-patrese,1987,16,0,1,0,6.0,Riccardo Gabriele Patrese
riccardo-patrese,1988,16,0,0,0,8.0,Riccardo Gabriele Patrese
riccardo-patrese,1989,16,0,6,0,40.0,Riccardo Gabriele Patrese
riccardo-patrese,1990,16,1,1,0,23.0,Riccardo Gabriele Patrese
riccardo-patrese,1991,16,2,8,0,53.0,Riccardo Gabriele Patrese
riccardo-patrese,1992,16,1,9,0,56.0,Riccardo Gabriele Patrese
riccardo-patrese,1993,16,0,2,0,20.0,Riccardo Gabriele Patrese
richard-attwood,1964,1,0,0,0,0.0,Richard James David Attwood
richard-attwood,1965,8,0,0,0,2.0,Richard James David Attwood
richard-attwood,1967,1,0,0,0,0.0,Richard James David Attwood
richard-attwood,1968,6,0,1,0,6.0,Richard James David Attwood
richard-attwood,1969,2,0,0,0,3.0,Richard James David Attwood
richard-robarts,1974,4,0,0,0,0.0,Richard Robarts
richie-ginther,1960,4,0,1,0,8.0,Paul Richard Ginther
richie-ginther,1961,7,0,3,0,16.0,Paul Richard Ginther
richie-ginther,1962,9,0,2,0,10.0,Paul Richard Ginther
richie-ginther,1963,10,0,5,0,34.0,Paul Richard Ginther
richie-ginther,1964,10,0,2,0,23.0,Paul Richard Ginther
richie-ginther,1965,8,1,1,0,11.0,Paul Richard Ginther
richie-ginther,1966,5,0,0,0,5.0,Paul Richard Ginther
richie-ginther,1967,1,0,0,0,0.0,Paul Richard Ginther
rikky-von-opel,1973,7,0,0,0,0.0,Frederick von Opel
rikky-von-opel,1974,7,0,0,0,0.0,Frederick von Opel
rio-haryanto,2016,12,0,0,0,0.0,Rio Haryanto
rob-schroeder,1962,1,0,0,0,0.0,Robert Schroeder
robert-doornbos,2005,8,0,0,0,0.0,Robert Michael Doornbos
robert-doornbos,2006,3,0,0,0,0.0,Robert Michael Doornbos
robert-kubica,2006,6,0,1,0,6.0,Robert Józef Kubica
robert-kubica,2007,16,0,0,0,39.0,Robert Józef Kubica
robert-kubica,2008,18,1,7,0,75.0,Robert Józef Kubica
robert-kubica,2009,17,0,1,0,17.0,Robert Józef Kubica
robert-kubica,2010,19,0,3,0,136.0,Robert Józef Kubica
robert-kubica,2019,21,0,0,0,1.0,Robert Józef Kubica
robert-kubica,2021,2,0,0,0,0.0,Robert Józef Kubica
robert-la-caze,1958,1,0,0,0,0.0,Robert La Caze
robert-manzon,1950,3,0,0,0,3.0,Robert Manzon
robert-manzon,1951,4,0,0,0,0.0,Robert Manzon
robert-manzon,1952,7,0,1,0,9.0,Robert Manzon
robert-manzon,1953,1,0,0,0,0.0,Robert Manzon
robert-manzon,1954,6,0,1,0,4.0,Robert Manzon
robert-manzon,1955,3,0,0,0,0.0,Robert Manzon
robert-manzon,1956,5,0,0,0,0.0,Robert Manzon
robert-obrien,1952,1,0,0,0,0.0,Robert O'Brien
roberto-bonomi,1960,1,0,0,0,0.0,Roberto Wenceslao Bonomi Oliva
roberto-bussinello,1961,1,0,0,0,0.0,Roberto Bussinello
roberto-bussinello,1965,2,0,0,0,0.0,Roberto Bussinello
roberto-guerrero,1982,14,0,0,0,0.0,Roberto José Guerrero Isaza
roberto-guerrero,1983,14,0,0,0,0.0,Roberto José Guerrero Isaza
roberto-lippi,1961,1,0,0,0,0.0,Roberto Lippi
roberto-lippi,1962,1,0,0,0,0.0,Roberto Lippi
roberto-lippi,1963,1,0,0,0,0.0,Roberto Lippi
roberto-merhi,2015,14,0,0,0,0.0,Roberto Merhi Muntan
roberto-mieres,1953,3,0,0,0,0.0,Roberto Casimiro Mieres
roberto-mieres,1954,8,0,0,0,6.0,Roberto Casimiro Mieres
roberto-mieres,1955,6,0,0,0,7.0,Roberto Casimiro Mieres
roberto-moreno,1982,1,0,0,0,0.0,Roberto Pupo Moreno
roberto-moreno,1987,2,0,0,0,1.0,Roberto Pupo Moreno
roberto-moreno,1989,16,0,0,0,0.0,Roberto Pupo Moreno
roberto-moreno,1990,16,0,1,0,6.0,Roberto Pupo Moreno
roberto-moreno,1991,14,0,0,0,8.0,Roberto Pupo Moreno
roberto-moreno,1992,9,0,0,0,0.0,Roberto Pupo Moreno
roberto-moreno,1995,17,0,0,0,0.0,Roberto Pupo Moreno
robin-montgomerie-charrington,1952,1,0,0,0,0.0,Robert Victor Campbell Montgomerie
robin-widdows,1968,1,0,0,0,0.0,Robin Michael Widdows
rodger-ward,1951,1,0,0,0,0.0,Rodger M. Ward
rodger-ward,1952,1,0,0,0,0.0,Rodger M. Ward
rodger-ward,1953,1,0,0,0,0.0,Rodger M. Ward
rodger-ward,1954,1,0,0,0,0.0,Rodger M. Ward
rodger-ward,1955,1,0,0,0,0.0,Rodger M. Ward
rodger-ward,1956,1,0,0,0,0.0,Rodger M. Ward
rodger-ward,1957,1,0,0,0,0.0,Rodger M. Ward
rodger-ward,1958,1,0,0,0,0.0,Rodger M. Ward
rodger-ward,1959,2,1,1,0,8.0,Rodger M. Ward
rodger-ward,1960,1,0,1,0,6.0,Rodger M. Ward
rodger-ward,1963,1,0,0,0,0.0,Rodger M. Ward
rodney-nuckey,1953,1,0,0,0,0.0,Rodney Nuckey
rodney-nuckey,1954,1,0,0,0,0.0,Rodney Nuckey
roelof-wunderink,1975,6,0,0,0,0.0,Roelof Wunderink
roger-laurent,1952,2,0,0,0,0.0,Roger Laurent
roger-loyer,1954,1,0,0,0,0.0,Roger Loyer
roger-penske,1961,1,0,0,0,0.0,Roger S. Penske
roger-penske,1962,1,0,0,0,0.0,Roger S. Penske
roger-williamson,1973,2,0,0,0,0.0,Roger Williamson
roland-ratzenberger,1994,3,0,0,0,0.0,Roland Ratzenberger
rolf-stommelen,1969,1,0,0,0,0.0,Rolf Johann Stommelen
rolf-stommelen,1970,13,0,1,0,10.0,Rolf Johann Stommelen
rolf-stommelen,1971,10,0,0,0,3.0,Rolf Johann Stommelen
rolf-stommelen,1972,8,0,0,0,0.0,Rolf Johann Stommelen
rolf-stommelen,1973,4,0,0,0,0.0,Rolf Johann Stommelen
rolf-stommelen,1974,4,0,0,0,0.0,Rolf Johann Stommelen
rolf-stommelen,1975,6,0,0,0,0.0,Rolf Johann Stommelen
rolf-stommelen,1976,4,0,0,0,1.0,Rolf Johann Stommelen
rolf-stommelen,1978,14,0,0,0,0.0,Rolf Johann Stommelen
romain-grosjean,2009,7,0,0,0,0.0,Romain Grosjean
romain-grosjean,2012,19,0,3,0,96.0,Romain Grosjean
romain-grosjean,2013,19,0,6,0,132.0,Romain Grosjean
romain-grosjean,2014,19,0,0,0,8.0,Romain Grosjean
romain-grosjean,2015,19,0,1,0,51.0,Romain Grosjean
romain-grosjean,2016,21,0,0,0,29.0,Romain Grosjean
romain-grosjean,2017,20,0,0,0,28.0,Romain Grosjean
romain-grosjean,2018,21,0,0,0,37.0,Romain Grosjean
romain-grosjean,2019,21,0,0,0,8.0,Romain Grosjean
romain-grosjean,2020,15,0,0,0,2.0,Romain Grosjean
ron-flockhart,1954,1,0,0,0,0.0,Ron Flockhart
ron-flockhart,1956,2,0,1,0,4.0,Ron Flockhart
ron-flockhart,1957,2,0,0,0,0.0,Ron Flockhart
ron-flockhart,1958,2,0,0,0,0.0,Ron Flockhart
ron-flockhart,1959,5,0,0,0,0.0,Ron Flockhart
ron-flockhart,1960,2,0,0,0,1.0,Ron Flockhart
ronnie-bucknum,1964,3,0,0,0,0.0,Ronnie Bucknum
ronnie-bucknum,1965,6,0,0,0,2.0,Ronnie Bucknum
ronnie-bucknum,1966,2,0,0,0,0.0,Ronnie Bucknum
ronnie-peterson,1970,9,0,0,0,0.0,Bengt Ronnie Peterson
ronnie-peterson,1971,11,0,5,0,33.0,Bengt Ronnie Peterson
ronnie-peterson,1972,12,0,1,0,12.0,Bengt Ronnie Peterson
ronnie-peterson,1973,15,4,7,0,52.0,Bengt Ronnie Peterson
ronnie-peterson,1974,15,3,4,0,35.0,Bengt Ronnie Peterson
ronnie-peterson,1975,14,0,0,0,6.0,Bengt Ronnie Peterson
ronnie-peterson,1976,16,1,1,0,10.0,Bengt Ronnie Peterson
ronnie-peterson,1977,17,0,1,0,7.0,Bengt Ronnie Peterson
ronnie-peterson,1978,14,2,7,0,51.0,Bengt Ronnie Peterson
roy-salvadori,1952,1,0,0,0,0.0,Roy Francesco Salvadori
roy-salvadori,1953,5,0,0,0,0.0,Roy Francesco Salvadori
roy-salvadori,1954,2,0,0,0,0.0,Roy Francesco Salvadori
roy-salvadori,1955,1,0,0,0,0.0,Roy Francesco Salvadori
roy-salvadori,1956,3,0,0,0,0.0,Roy Francesco Salvadori
roy-salvadori,1957,5,0,0,0,2.0,Roy Francesco Salvadori
roy-salvadori,1958,9,0,2,0,15.0,Roy Francesco Salvadori
roy-salvadori,1959,7,0,0,0,0.0,Roy Francesco Salvadori
roy-salvadori,1960,4,0,0,0,0.0,Roy Francesco Salvadori
roy-salvadori,1961,5,0,0,0,2.0,Roy Francesco Salvadori
roy-salvadori,1962,8,0,0,0,0.0,Roy Francesco Salvadori
rubens-barrichello,1993,16,0,0,0,2.0,Rubens Gonçalves Barrichello
rubens-barrichello,1994,16,0,1,0,19.0,Rubens Gonçalves Barrichello
rubens-barrichello,1995,17,0,1,0,11.0,Rubens Gonçalves Barrichello
rubens-barrichello,1996,16,0,0,0,14.0,Rubens Gonçalves Barrichello
rubens-barrichello,1997,17,0,1,0,6.0,Rubens Gonçalves Barrichello
rubens-barrichello,1998,16,0,0,0,4.0,Rubens Gonçalves Barrichello
rubens-barrichello,1999,16,0,3,0,21.0,Rubens Gonçalves Barrichello
rubens-barrichello,2000,17,1,9,0,62.0,Rubens Gonçalves Barrichello
rubens-barrichello,2001,17,0,10,0,56.0,Rubens Gonçalves Barrichello
rubens-barrichello,2002,17,4,10,0,77.0,Rubens Gonçalves Barrichello
rubens-barrichello,2003,16,2,8,0,65.0,Rubens Gonçalves Barrichello
rubens-barrichello,2004,18,2,14,0,114.0,Rubens Gonçalves Barrichello
rubens-barrichello,2005,19,0,4,0,38.0,Rubens Gonçalves Barrichello
rubens-barrichello,2006,18,0,0,0,30.0,Rubens Gonçalves Barrichello
rubens-barrichello,2007,17,0,0,0,0.0,Rubens Gonçalves Barrichello
rubens-barrichello,2008,18,0,1,0,11.0,Rubens Gonçalves Barrichello
rubens-barrichello,2009,17,2,6,0,77.0,Rubens Gonçalves Barrichello
rubens-barrichello,2010,19,0,0,0,47.0,Rubens Gonçalves Barrichello
rubens-barrichello,2011,19,0,0,0,4.0,Rubens Gonçalves Barrichello
rudi-fischer,1951,3,0,0,0,0.0,Rudolf Fischer
rudi-fischer,1952,6,0,2,0,10.0,Rudolf Fischer
rudolf-krause,1952,1,0,0,0,0.0,Rudolf Krause
rudolf-krause,1953,1,0,0,0,0.0,Rudolf Krause
rudolf-schoeller,1952,1,0,0,0,0.0,Rudolf Schoeller
rupert-keegan,1977,12,0,0,0,0.0,Rupert Keegan
rupert-keegan,1978,13,0,0,0,0.0,Rupert Keegan
rupert-keegan,1980,7,0,0,0,0.0,Rupert Keegan
rupert-keegan,1982,5,0,0,0,0.0,Rupert Keegan
sakon-yamamoto,2006,7,0,0,0,0.0,Sakon Yamamoto
sakon-yamamoto,2007,7,0,0,0,0.0,Sakon Yamamoto
sakon-yamamoto,2010,7,0,0,0,0.0,Sakon Yamamoto
sam-hanks,1950,1,0,0,0,0.0,Sam Hanks
sam-hanks,1951,1,0,0,0,0.0,Sam Hanks
sam-hanks,1952,1,0,1,0,4.0,Sam Hanks
sam-hanks,1953,1,0,1,0,2.0,Sam Hanks
sam-hanks,1954,2,0,0,0,0.0,Sam Hanks
sam-hanks,1955,1,0,0,0,0.0,Sam Hanks
sam-hanks,1956,1,0,1,0,6.0,Sam Hanks
sam-hanks,1957,1,1,1,0,8.0,Sam Hanks
sam-posey,1971,1,0,0,0,0.0,Sam Posey
sam-posey,1972,1,0,0,0,0.0,Sam Posey
sam-tingle,1963,1,0,0,0,0.0,Samuel Tingle
sam-tingle,1965,1,0,0,0,0.0,Samuel Tingle
sam-tingle,1967,1,0,0,0,0.0,Samuel Tingle
sam-tingle,1968,1,0,0,0,0.0,Samuel Tingle
sam-tingle,1969,1,0,0,0,0.0,Samuel Tingle
satoru-nakajima,1987,16,0,0,0,7.0,Satoru Nakajima
satoru-nakajima,1988,16,0,0,0,1.0,Satoru Nakajima
satoru-nakajima,1989,16,0,0,0,3.0,Satoru Nakajima
satoru-nakajima,1990,16,0,0,0,3.0,Satoru Nakajima
satoru-nakajima,1991,16,0,0,0,2.0,Satoru Nakajima
scott-speed,2006,18,0,0,0,0.0,Scott Andrew Speed
scott-speed,2007,10,0,0,0,0.0,Scott Andrew Speed
sebastian-vettel,2007,8,0,0,0,6.0,Sebastian Vettel
sebastian-vettel,2008,18,1,1,0,35.0,Sebastian Vettel
sebastian-vettel,2009,17,4,8,0,84.0,Sebastian Vettel
sebastian-vettel,2010,19,5,10,0,256.0,Sebastian Vettel
sebastian-vettel,2011,19,11,17,0,392.0,Sebastian Vettel
sebastian-vettel,2012,20,5,10,0,281.0,Sebastian Vettel
sebastian-vettel,2013,19,13,16,0,397.0,Sebastian Vettel
sebastian-vettel,2014,19,0,4,0,167.0,Sebastian Vettel
sebastian-vettel,2015,19,3,13,0,278.0,Sebastian Vettel
sebastian-vettel,2016,21,0,7,0,212.0,Sebastian Vettel
sebastian-vettel,2017,20,5,13,0,317.0,Sebastian Vettel
sebastian-vettel,2018,21,5,12,0,320.0,Sebastian Vettel
sebastian-vettel,2019,21,1,9,0,240.0,Sebastian Vettel
sebastian-vettel,2020,17,0,1,0,33.0,Sebastian Vettel
sebastian-vettel,2021,22,0,1,0,43.0,Sebastian Vettel
sebastian-vettel,2022,20,0,0,0,37.0,Sebastian Vettel
sebastien-bourdais,2008,18,0,0,0,4.0,Sébastien Olivier Bourdais
sebastien-bourdais,2009,9,0,0,0,2.0,Sébastien Olivier Bourdais
sebastien-buemi,2009,17,0,0,0,6.0,Sébastien Olivier Buemi
sebastien-buemi,2010,19,0,0,0,8.0,Sébastien Olivier Buemi
sebastien-buemi,2011,19,0,0,0,15.0,Sébastien Olivier Buemi
sergey-sirotkin,2018,21,0,0,0,1.0,Sergey Olegovich Sirotkin
sergio-mantovani,1953,1,0,0,0,0.0,Sergio Mantovani
sergio-mantovani,1954,6,0,0,0,4.0,Sergio Mantovani
sergio-mantovani,1955,2,0,0,0,0.0,Sergio Mantovani
sergio-perez,2011,18,0,0,0,14.0,Sergio Pérez Mendoza
sergio-perez,2012,20,0,3,0,66.0,Sergio Pérez Mendoza
sergio-perez,2013,19,0,0,0,49.0,Sergio Pérez Mendoza
sergio-perez,2014,19,0,1,0,59.0,Sergio Pérez Mendoza
sergio-perez,2015,19,0,1,0,78.0,Sergio Pérez Mendoza
sergio-perez,2016,21,0,2,0,101.0,Sergio Pérez Mendoza
sergio-perez,2017,20,0,0,0,100.0,Sergio Pérez Mendoza
sergio-perez,2018,21,0,1,0,62.0,Sergio Pérez Mendoza
sergio-perez,2019,21,0,0,0,52.0,Sergio Pérez Mendoza
sergio-perez,2020,15,1,2,0,125.0,Sergio Pérez Mendoza
sergio-perez,2021,22,1,5,0,190.0,Sergio Pérez Mendoza
sergio-perez,2022,22,2,11,0,291.0,Sergio Pérez Mendoza
sergio-perez,2023,22,2,9,0,260.0,Sergio Pérez Mendoza
sergio-perez,2024,24,0,4,0,138.0,Sergio Pérez Mendoza
shinji-nakano,1997,17,0,0,0,2.0,Shinji Nakano
shinji-nakano,1998,16,0,0,0,0.0,Shinji Nakano
shorty-templeman,1955,1,0,0,0,0.0,Clark Thomas Templeman
shorty-templeman,1958,1,0,0,0,0.0,Clark Thomas Templeman
shorty-templeman,1960,1,0,0,0,0.0,Clark Thomas Templeman
siegfried-stohr,1981,13,0,0,0,0.0,Siegfried Stohr
silvio-moser,1966,1,0,0,0,0.0,Silvio Moser
silvio-moser,1967,1,0,0,0,0.0,Silvio Moser
silvio-moser,1968,5,0,0,0,2.0,Silvio Moser
silvio-moser,1969,7,0,0,0,1.0,Silvio Moser
silvio-moser,1970,5,0,0,0,0.0,Silvio Moser
silvio-moser,1971,1,0,0,0,0.0,Silvio Moser
skip-barber,1971,4,0,0,0,0.0,John Barber III
skip-barber,1972,2,0,0,0,0.0,John Barber III
slim-borgudd,1981,12,0,0,0,1.0,Karl Edward Tommy Borgudd
slim-borgudd,1982,3,0,0,0,0.0,Karl Edward Tommy Borgudd
spider-webb,1950,1,0,0,0,0.0,Travis Webb
spider-webb,1952,1,0,0,0,0.0,Travis Webb
spider-webb,1953,1,0,0,0,0.0,Travis Webb
spider-webb,1954,1,0,0,0,0.0,Travis Webb
stefan-bellof,1984,12,0,0,0,0.0,Stefan Bellof
stefan-bellof,1985,10,0,0,0,4.0,Stefan Bellof
stefan-johansson,1980,2,0,0,0,0.0,Stefan Nils Edwin Johansson
stefan-johansson,1983,6,0,0,0,0.0,Stefan Nils Edwin Johansson
stefan-johansson,1984,7,0,0,0,3.0,Stefan Nils Edwin Johansson
stefan-johansson,1985,16,0,2,0,26.0,Stefan Nils Edwin Johansson
stefan-johansson,1986,16,0,4,0,23.0,Stefan Nils Edwin Johansson
stefan-johansson,1987,16,0,5,0,30.0,Stefan Nils Edwin Johansson
stefan-johansson,1988,16,0,0,0,0.0,Stefan Nils Edwin Johansson
stefan-johansson,1989,16,0,1,0,6.0,Stefan Nils Edwin Johansson
stefan-johansson,1990,2,0,0,0,0.0,Stefan Nils Edwin Johansson
stefan-johansson,1991,6,0,0,0,0.0,Stefan Nils Edwin Johansson
stefano-modena,1987,1,0,0,0,0.0,Stefano Modena
stefano-modena,1988,16,0,0,0,0.0,Stefano Modena
stefano-modena,1989,16,0,1,0,4.0,Stefano Modena
stefano-modena,1990,16,0,0,0,2.0,Stefano Modena
stefano-modena,1991,16,0,1,0,10.0,Stefano Modena
stefano-modena,1992,16,0,0,0,1.0,Stefano Modena
stephane-sarrazin,1999,1,0,0,0,0.0,Stéphane Jean-Marc Sarrazin
stephen-south,1980,1,0,0,0,0.0,Stephen South
stirling-moss,1951,1,0,0,0,0.0,Sir Stirling Moss
stirling-moss,1952,5,0,0,0,0.0,Sir Stirling Moss
stirling-moss,1953,4,0,0,0,0.0,Sir Stirling Moss
stirling-moss,1954,6,0,1,0,4.14,Sir Stirling Moss
stirling-moss,1955,7,1,3,0,23.0,Sir Stirling Moss
stirling-moss,1956,9,2,4,0,28.0,Sir Stirling Moss
stirling-moss,1957,7,3,3,0,25.0,Sir Stirling Moss
stirling-moss,1958,10,4,5,0,41.0,Sir Stirling Moss
stirling-moss,1959,8,2,3,0,25.5,Sir Stirling Moss
stirling-moss,1960,7,2,3,0,19.0,Sir Stirling Moss
stirling-moss,1961,9,2,2,0,21.0,Sir Stirling Moss
stoffel-vandoorne,2016,1,0,0,0,1.0,Stoffel Vandoorne
stoffel-vandoorne,2017,20,0,0,0,13.0,Stoffel Vandoorne
stoffel-vandoorne,2018,21,0,0,0,12.0,Stoffel Vandoorne
stuart-lewis-evans,1957,6,0,0,0,5.0,Stuart Nigel Lewis-Evans
stuart-lewis-evans,1958,8,0,2,0,11.0,Stuart Nigel Lewis-Evans
taki-inoue,1994,1,0,0,0,0.0,Takachiho Inoue
taki-inoue,1995,17,0,0,0,0.0,Takachiho Inoue
takuma-sato,2002,17,0,0,0,2.0,Takuma Sato
takuma-sato,2003,1,0,0,0,3.0,Takuma Sato
takuma-sato,2004,18,0,1,0,34.0,Takuma Sato
takuma-sato,2005,16,0,0,0,1.0,Takuma Sato
takuma-sato,2006,18,0,0,0,0.0,Takuma Sato
takuma-sato,2007,17,0,0,0,4.0,Takuma Sato
takuma-sato,2008,4,0,0,0,0.0,Takuma Sato
tarso-marques,1996,2,0,0,0,0.0,Tarso Anibal Santanna Marques
tarso-marques,1997,10,0,0,0,0.0,Tarso Anibal Santanna Marques
tarso-marques,2001,14,0,0,0,0.0,Tarso Anibal Santanna Marques
ted-whiteaway,1955,1,0,0,0,0.0,Edward N. Whiteaway
teddy-pilette,1974,1,0,0,0,0.0,Theodore Pilette
teddy-pilette,1977,3,0,0,0,0.0,Theodore Pilette
teo-fabi,1982,14,0,0,0,0.0,Teodorico Fabi
teo-fabi,1984,12,0,1,0,9.0,Teodorico Fabi
teo-fabi,1985,13,0,0,0,0.0,Teodorico Fabi
teo-fabi,1986,16,0,0,0,2.0,Teodorico Fabi
teo-fabi,1987,16,0,1,0,12.0,Teodorico Fabi
theo-fitzau,1953,1,0,0,0,0.0,Theodor Fitzau
theo-helfrich,1952,1,0,0,0,0.0,Theodor Helfrich
theo-helfrich,1953,1,0,0,0,0.0,Theodor Helfrich
theo-helfrich,1954,1,0,0,0,0.0,Theodor Helfrich
thierry-boutsen,1983,10,0,0,0,0.0,Thierry Marc Boutsen
thierry-boutsen,1984,16,0,0,0,5.0,Thierry Marc Boutsen
thierry-boutsen,1985,16,0,1,0,11.0,Thierry Marc Boutsen
thierry-boutsen,1986,16,0,0,0,0.0,Thierry Marc Boutsen
thierry-boutsen,1987,16,0,1,0,16.0,Thierry Marc Boutsen
thierry-boutsen,1988,16,0,5,0,27.0,Thierry Marc Boutsen
thierry-boutsen,1989,16,2,5,0,37.0,Thierry Marc Boutsen
thierry-boutsen,1990,16,1,3,0,34.0,Thierry Marc Boutsen
thierry-boutsen,1991,16,0,0,0,0.0,Thierry Marc Boutsen
thierry-boutsen,1992,16,0,0,0,2.0,Thierry Marc Boutsen
thierry-boutsen,1993,10,0,0,0,0.0,Thierry Marc Boutsen
tiago-monteiro,2005,19,0,1,0,7.0,Tiago da Costa Monteiro
tiago-monteiro,2006,18,0,0,0,0.0,Tiago da Costa Monteiro
tiff-needell,1980,2,0,0,0,0.0,Timothy Needell
tim-parnell,1959,1,0,0,0,0.0,Reginald Harold Haslam Parnell
tim-parnell,1961,2,0,0,0,0.0,Reginald Harold Haslam Parnell
tim-parnell,1963,1,0,0,0,0.0,Reginald Harold Haslam Parnell
tim-schenken,1970,4,0,0,0,0.0,Timothy Theodore Schenken
tim-schenken,1971,10,0,1,0,5.0,Timothy Theodore Schenken
tim-schenken,1972,12,0,0,0,2.0,Timothy Theodore Schenken
tim-schenken,1973,1,0,0,0,0.0,Timothy Theodore Schenken
tim-schenken,1974,9,0,0,0,0.0,Timothy Theodore Schenken
timmy-mayer,1962,1,0,0,0,0.0,Timothy Andrew Mayer
timo-glock,2004,4,0,0,0,2.0,Timo Glock
timo-glock,2008,18,0,1,0,25.0,Timo Glock
timo-glock,2009,15,0,2,0,24.0,Timo Glock
timo-glock,2010,19,0,0,0,0.0,Timo Glock
timo-glock,2011,19,0,0,0,0.0,Timo Glock
timo-glock,2012,20,0,0,0,0.0,Timo Glock
tom-belso,1973,1,0,0,0,0.0,Tom Belsø
tom-belso,1974,4,0,0,0,0.0,Tom Belsø
tom-bridger,1958,1,0,0,0,0.0,Thomas Bridger
tom-jones,1967,1,0,0,0,0.0,Tom Jones
tom-pryce,1974,9,0,0,0,1.0,Thomas Maldwyn Pryce
tom-pryce,1975,14,0,1,0,8.0,Thomas Maldwyn Pryce
tom-pryce,1976,16,0,1,0,10.0,Thomas Maldwyn Pryce
tom-pryce,1977,3,0,0,0,0.0,Thomas Maldwyn Pryce
tomas-enge,2001,3,0,0,0,0.0,Tomáš Enge
tommy-byrne,1982,5,0,0,0,0.0,Thomas Byrne
toni-branca,1950,2,0,0,0,0.0,Antonio Branca
toni-branca,1951,1,0,0,0,0.0,Antonio Branca
toni-ulmen,1952,2,0,0,0,0.0,Anton Ulmen
tony-bettenhausen,1950,2,0,0,0,1.0,Melvin Eugene Bettenhausen
tony-bettenhausen,1951,1,0,0,0,0.0,Melvin Eugene Bettenhausen
tony-bettenhausen,1952,1,0,0,0,0.0,Melvin Eugene Bettenhausen
tony-bettenhausen,1953,1,0,0,0,0.0,Melvin Eugene Bettenhausen
tony-bettenhausen,1954,2,0,0,0,0.0,Melvin Eugene Bettenhausen
tony-bettenhausen,1955,1,0,1,0,3.0,Melvin Eugene Bettenhausen
tony-bettenhausen,1956,1,0,0,0,0.0,Melvin Eugene Bettenhausen
tony-bettenhausen,1957,1,0,0,0,0.0,Melvin Eugene Bettenhausen
tony-bettenhausen,1958,1,0,0,0,4.0,Melvin Eugene Bettenhausen
tony-bettenhausen,1959,1,0,0,0,3.0,Melvin Eugene Bettenhausen
tony-bettenhausen,1960,1,0,0,0,0.0,Melvin Eugene Bettenhausen
tony-brise,1975,10,0,0,0,1.0,Anthony William Brise
tony-brooks,1956,2,0,0,0,0.0,Charles Anthony Standish Brooks
tony-brooks,1957,6,1,2,0,11.0,Charles Anthony Standish Brooks
tony-brooks,1958,10,3,3,0,24.0,Charles Anthony Standish Brooks
tony-brooks,1959,8,2,4,0,27.0,Charles Anthony Standish Brooks
tony-brooks,1960,7,0,0,0,7.0,Charles Anthony Standish Brooks
tony-brooks,1961,8,0,1,0,6.0,Charles Anthony Standish Brooks
tony-crook,1952,1,0,0,0,0.0,Anthony Crook
tony-crook,1953,1,0,0,0,0.0,Anthony Crook
tony-gaze,1952,4,0,0,0,0.0,Frederick Anthony Owen Gaze
tony-maggs,1961,2,0,0,0,0.0,Anthony Francis O'Connell Maggs
tony-maggs,1962,9,0,2,0,13.0,Anthony Francis O'Connell Maggs
tony-maggs,1963,10,0,1,0,9.0,Anthony Francis O'Connell Maggs
tony-maggs,1964,5,0,0,0,4.0,Anthony Francis O'Connell Maggs
tony-maggs,1965,1,0,0,0,0.0,Anthony Francis O'Connell Maggs
tony-marsh,1957,1,0,0,0,0.0,Anthony Ernest Marsh
tony-marsh,1958,1,0,0,0,0.0,Anthony Ernest Marsh
tony-marsh,1961,3,0,0,0,0.0,Anthony Ernest Marsh
tony-rolt,1950,1,0,0,0,0.0,Anthony Peter Roylance Rolt
tony-rolt,1953,1,0,0,0,0.0,Anthony Peter Roylance Rolt
tony-rolt,1955,1,0,0,0,0.0,Anthony Peter Roylance Rolt
tony-settember,1962,2,0,0,0,0.0,Anthony Frank Settember
tony-settember,1963,5,0,0,0,0.0,Anthony Frank Settember
tony-shelly,1962,3,0,0,0,0.0,Anthony Lionel Shelly
tony-trimmer,1975,3,0,0,0,0.0,Tony Trimmer
tony-trimmer,1976,1,0,0,0,0.0,Tony Trimmer
tony-trimmer,1977,1,0,0,0,0.0,Tony Trimmer
tony-trimmer,1978,1,0,0,0,0.0,Tony Trimmer
toranosuke-takagi,1998,16,0,0,0,0.0,Toranosuke Takagi
toranosuke-takagi,1999,16,0,0,0,0.0,Toranosuke Takagi
torsten-palm,1975,2,0,0,0,0.0,Torsten Palm
toshio-suzuki,1993,2,0,0,0,0.0,Toshio Suzuki
trevor-blokdyk,1963,1,0,0,0,0.0,John Trevor Blokdyk
trevor-blokdyk,1965,1,0,0,0,0.0,John Trevor Blokdyk
trevor-taylor,1959,1,0,0,0,0.0,Trevor Taylor
trevor-taylor,1961,1,0,0,0,0.0,Trevor Taylor
trevor-taylor,1962,9,0,1,0,6.0,Trevor Taylor
trevor-taylor,1963,9,0,0,0,1.0,Trevor Taylor
trevor-taylor,1964,8,0,0,0,1.0,Trevor Taylor
trevor-taylor,1966,1,0,0,0,0.0,Trevor Taylor
troy-ruttman,1950,1,0,0,0,0.0,Troy Ruttman
troy-ruttman,1951,1,0,0,0,0.0,Troy Ruttman
troy-ruttman,1952,1,1,1,0,8.0,Troy Ruttman
troy-ruttman,1954,1,0,0,0,1.5,Troy Ruttman
troy-ruttman,1956,1,0,0,0,0.0,Troy Ruttman
troy-ruttman,1957,1,0,0,0,0.0,Troy Ruttman
troy-ruttman,1958,2,0,0,0,0.0,Troy Ruttman
troy-ruttman,1960,1,0,0,0,0.0,Troy Ruttman
ukyo-katayama,1992,16,0,0,0,0.0,Ukyo Katayama
ukyo-katayama,1993,16,0,0,0,0.0,Ukyo Katayama
ukyo-katayama,1994,16,0,0,0,5.0,Ukyo Katayama
ukyo-katayama,1995,16,0,0,0,0.0,Ukyo Katayama
ukyo-katayama,1996,16,0,0,0,0.0,Ukyo Katayama
ukyo-katayama,1997,17,0,0,0,0.0,Ukyo Katayama
umberto-maglioli,1953,1,0,0,0,0.0,Umberto Maglioli
umberto-maglioli,1954,3,0,1,0,2.0,Umberto Maglioli
umberto-maglioli,1955,2,0,1,0,1.33,Umberto Maglioli
umberto-maglioli,1956,3,0,0,0,0.0,Umberto Maglioli
umberto-maglioli,1957,1,0,0,0,0.0,Umberto Maglioli
valtteri-bottas,2013,19,0,0,0,4.0,Valtteri Bottas
valtteri-bottas,2014,19,0,6,0,186.0,Valtteri Bottas
valtteri-bottas,2015,19,0,2,0,136.0,Valtteri Bottas
valtteri-bottas,2016,21,0,1,0,85.0,Valtteri Bottas
valtteri-bottas,2017,20,3,13,0,305.0,Valtteri Bottas
valtteri-bottas,2018,21,0,8,0,247.0,Valtteri Bottas
valtteri-bottas,2019,21,4,15,0,326.0,Valtteri Bottas
valtteri-bottas,2020,17,2,11,0,223.0,Valtteri Bottas
valtteri-bottas,2021,22,1,11,0,219.0,Valtteri Bottas
valtteri-bottas,2022,22,0,0,0,47.0,Valtteri Bottas
valtteri-bottas,2023,22,0,0,0,10.0,Valtteri Bottas
valtteri-bottas,2024,24,0,0,0,0.0,Valtteri Bottas
vern-schuppan,1972,1,0,0,0,0.0,Vernon Schuppan
vern-schuppan,1974,7,0,0,0,0.0,Vernon Schuppan
vern-schuppan,1975,1,0,0,0,0.0,Vernon Schuppan
vern-schuppan,1977,4,0,0,0,0.0,Vernon Schuppan
vic-elford,1968,7,0,0,0,5.0,Victor Henry Elford
vic-elford,1969,5,0,0,0,3.0,Victor Henry Elford
vic-elford,1971,1,0,0,0,0.0,Victor Henry Elford
vic-wilson,1960,1,0,0,0,0.0,Vic Wilson
vic-wilson,1966,1,0,0,0,0.0,Vic Wilson
vincenzo-sospiri,1997,1,0,0,0,0.0,Vincenzo Sospiri
vitaly-petrov,2010,19,0,0,0,27.0,Vitaly Aleksandrovich Petrov
vitaly-petrov,2011,19,0,1,0,37.0,Vitaly Aleksandrovich Petrov
vitaly-petrov,2012,20,0,0,0,0.0,Vitaly Aleksandrovich Petrov
vitantonio-liuzzi,2005,4,0,0,0,1.0,Vitantonio Liuzzi
vitantonio-liuzzi,2006,18,0,0,0,1.0,Vitantonio Liuzzi
vitantonio-liuzzi,2007,17,0,0,0,3.0,Vitantonio Liuzzi
vitantonio-liuzzi,2009,5,0,0,0,0.0,Vitantonio Liuzzi
vitantonio-liuzzi,2010,19,0,0,0,21.0,Vitantonio Liuzzi
vitantonio-liuzzi,2011,17,0,0,0,0.0,Vitantonio Liuzzi
vittorio-brambilla,1974,13,0,0,0,1.0,Vittorio Brambilla
vittorio-brambilla,1975,14,1,1,0,6.5,Vittorio Brambilla
vittorio-brambilla,1976,16,0,0,0,1.0,Vittorio Brambilla
vittorio-brambilla,1977,17,0,0,0,6.0,Vittorio Brambilla
vittorio-brambilla,1978,14,0,0,0,1.0,Vittorio Brambilla
vittorio-brambilla,1979,3,0,0,0,0.0,Vittorio Brambilla
vittorio-brambilla,1980,2,0,0,0,0.0,Vittorio Brambilla
volker-weidler,1989,10,0,0,0,0.0,Volker Weidler
walt-ader,1950,1,0,0,0,0.0,Walt Ader
walt-brown,1950,1,0,0,0,0.0,Walt Brown
walt-brown,1951,1,0,0,0,0.0,Walt Brown
walt-faulkner,1950,1,0,0,0,0.0,Walt Faulkner
walt-faulkner,1951,1,0,0,0,0.0,Walt Faulkner
walt-faulkner,1953,1,0,0,0,0.0,Walt Faulkner
walt-faulkner,1954,1,0,0,0,0.0,Walt Faulkner
walt-faulkner,1955,1,0,0,0,1.0,Walt Faulkner
walt-hansgen,1961,1,0,0,0,0.0,Walter Edwin Hansgen
walt-hansgen,1964,1,0,0,0,2.0,Walter Edwin Hansgen
warwick-brown,1976,1,0,0,0,0.0,Warwick Brown
wayne-weiler,1960,1,0,0,0,0.0,Wayne Weiler
will-stevens,2014,1,0,0,0,0.0,William Stevens
will-stevens,2015,19,0,0,0,0.0,William Stevens
willi-heeks,1952,1,0,0,0,0.0,Willi Heeks
willi-heeks,1953,1,0,0,0,0.0,Willi Heeks
willi-krakau,1952,1,0,0,0,0.0,Willi Krakau
william-ferguson,1972,1,0,0,0,0.0,William Ferguson
willy-mairesse,1960,3,0,1,0,4.0,Willy Mairesse
willy-mairesse,1961,3,0,0,0,0.0,Willy Mairesse
willy-mairesse,1962,3,0,0,0,3.0,Willy Mairesse
willy-mairesse,1963,3,0,0,0,0.0,Willy Mairesse
willy-mairesse,1965,1,0,0,0,0.0,Willy Mairesse
wilson-fittipaldi,1972,10,0,0,0,0.0,Wilson Fittipaldi Júnior
wilson-fittipaldi,1973,15,0,0,0,3.0,Wilson Fittipaldi Júnior
wilson-fittipaldi,1975,13,0,0,0,0.0,Wilson Fittipaldi Júnior
wolfgang-seidel,1953,1,0,0,0,0.0,Wolfgang Seidel
wolfgang-seidel,1958,3,0,0,0,0.0,Wolfgang Seidel
wolfgang-seidel,1960,1,0,0,0,0.0,Wolfgang Seidel
wolfgang-seidel,1961,5,0,0,0,0.0,Wolfgang Seidel
wolfgang-seidel,1962,3,0,0,0,0.0,Wolfgang Seidel
wolfgang-von-trips,1956,1,0,0,0,0.0,Wolfgang Alexander Albert Eduard Maximilian Reichsgraf Berghe von Trips
wolfgang-von-trips,1957,3,0,1,0,4.0,Wolfgang Alexander Albert Eduard Maximilian Reichsgraf Berghe von Trips
wolfgang-von-trips,1958,6,0,1,0,9.0,Wolfgang Alexander Albert Eduard Maximilian Reichsgraf Berghe von Trips
wolfgang-von-trips,1959,3,0,0,0,0.0,Wolfgang Alexander Albert Eduard Maximilian Reichsgraf Berghe von Trips
wolfgang-von-trips,1960,9,0,0,0,10.0,Wolfgang Alexander Albert Eduard Maximilian Reichsgraf Berghe von Trips
wolfgang-von-trips,1961,7,2,4,0,33.0,Wolfgang Alexander Albert Eduard Maximilian Reichsgraf Berghe von Trips
xavier-perrot,1969,1,0,0,0,0.0,Xavier Roger Perrot
yannick-dalmas,1987,3,0,0,0,0.0,Yannick Dalmas
yannick-dalmas,1988,14,0,0,0,0.0,Yannick Dalmas
yannick-dalmas,1989,15,0,0,0,0.0,Yannick Dalmas
yannick-dalmas,1990,16,0,0,0,0.0,Yannick Dalmas
yannick-dalmas,1994,2,0,0,0,0.0,Yannick Dalmas
yuji-ide,2006,4,0,0,0,0.0,Yuji Ide
yuki-tsunoda,2021,22,0,0,0,32.0,Yuki Tsunoda
yuki-tsunoda,2022,22,0,0,0,12.0,Yuki Tsunoda
yuki-tsunoda,2023,22,0,0,0,14.0,Yuki Tsunoda
yuki-tsunoda,2024,24,0,0,0,29.0,Yuki Tsunoda
yuki-tsunoda,2025,17,0,0,0,14.0,Yuki Tsunoda
yves-giraud-cabantous,1950,4,0,0,0,3.0,Marius Aristide Yves Giraud-Cabantous
yves-giraud-cabantous,1951,6,0,0,0,2.0,Marius Aristide Yves Giraud-Cabantous
yves-giraud-cabantous,1952,1,0,0,0,0.0,Marius Aristide Yves Giraud-Cabantous
yves-giraud-cabantous,1953,2,0,0,0,0.0,Marius Aristide Yves Giraud-Cabantous
zsolt-baumgartner,2003,2,0,0,0,0.0,Zsolt Baumgartner
zsolt-baumgartner,2004,18,0,0,0,1.0,Zsolt Baumgartner
